Spring,2017,DANIEL BRASIER,BSC,3101,BSC FIRST YEAR SEMNR,A3,Lect,4,5,80%,3.5,4.5,4.25,4.25,4.5,4.5,4.25,4.5,4.5,4.25
Spring,2016,CHIEN HO,BSC,3101,BSC FIRST YEAR SEMNR,C4,Lect,4,6,67%,4.25,4.5,4.25,4.75,3.5,4.5,3.67,4.75,4,4.25
Spring,2015,CHIEN HO,BSC,3101,BSC FIRST YEAR SEMNR,C4,Lect,3,8,38%,4,5,4.67,5,4.33,5,5,5,4.67,5
Spring,2014,CHIEN HO,BSC,3101,BSC FIRST YEAR SEMNR,C4,Lect,5,6,83%,3.8,5,4,5,4.6,5,5,5,4.6,4.6
Spring,2014,"GRAY, D. (co-taught)",BSC,3101,BSC FIRST YEAR SEMNR,W3,Lect,8,12,67%,6.5,4.63,4.88,4.88,4.13,4.75,4.38,4.63,4.75,4.5
Spring,2014,"HOVIS, K. (co-taught)",BSC,3101,BSC FIRST YEAR SEMNR,W3,Lect,8,12,67%,5.86,4.25,4.25,4.38,4.25,4,4.13,4.63,4.25,4.38
Spring,2014,"GRAY, D. (co-taught)",BSC,3101,BSC FIRST YEAR SEMNR,W4,Lect,9,13,69%,7.33,4.44,4.33,4.56,4.56,4.44,4.22,4.22,4.44,4.44
Spring,2014,"HOVIS, K. (co-taught)",BSC,3101,BSC FIRST YEAR SEMNR,W4,Lect,9,13,69%,7.33,4.67,4.33,4.33,4.67,4.56,4.33,4.78,4.56,4.56
Fall,2014,DANIEL BRASIER,BSC,3101,BSC FIRST YEAR SEMNR,A1,Lect,8,8,100%,8.5,4.75,4.5,4.38,4,4,4.13,4.88,4.63,4.13
Fall,2014,DANIEL BRASIER,BSC,3101,BSC FIRST YEAR SEMNR,A2,Lect,6,7,86%,5,4.83,4.67,4.33,4.83,4.5,4.33,5,4.67,4.67
Spring,2013,CHIEN HO,BSC,3101,BSC FIRST YEAR SEMNR,C4,Lect,3,5,60%,3,4.33,4,4.33,3.67,4.33,4,4.67,4,4
Spring,2013,"HOVIS, K. (co-taught)",BSC,3101,BSC FIRST YEAR SEMNR,W3,Lect,2,11,18%,5,5,5,5,4,5,5,5,5,5
Spring,2013,"FINKEL, J. (co-taught)",BSC,3101,BSC FIRST YEAR SEMNR,W3,Lect,2,11,18%,3.5,5,4.5,5,5,4.5,4.5,5,5,5
Spring,2013,"ILYIN, V. (co-taught)",BSC,3101,BSC FIRST YEAR SEMNR,W3,Lect,2,11,18%,,4,4,5,5,5,5,5,5,5
Fall,2013,DANIEL BRASIER,BSC,3101,BSC FIRST YEAR SEMNR,A1,Lect,12,12,100%,5.82,5,4.83,4.83,4.83,4.92,4.83,5,4.83,4.67
Fall,2013,KEN HOVIS,BSC,3101,BSCFIRSTYEARSEMNR,W2,Lect,12,15,80%,7.33,4.67,4.83,4.75,4.25,4.75,4.75,4.92,4.83,4.83
Spring,2012,CHIEN HO,BSC,3101,BSC FIRST YEAR SEMNR,C4,Lect,5,6,83%,5,4,3.4,3.6,2.6,4.6,4.6,4.6,4,4.2
Spring,2011,PETER BERGET,BSC,3101,BSC FIRST YEAR SEMNR,B3,Lect,3,3,100%,7,5,5,5,4.33,5,4.67,4.67,4.67,4.67
Spring,2011,CHIEN HO,BSC,3101,BSC FIRST YEAR SEMNR,C4,Lect,4,8,50%,3.5,4.75,4.75,4.75,4.25,5,4.75,5,4.75,4.75
Spring,2010,PETER BERGET,BSC,3101,BSC FIRST YEAR SEMNR,B3,Lect,4,5,80%,6.5,4.25,3.5,3.75,3.25,4.25,4.25,4,3.75,4.25
Spring,2010,CHIEN HO,BSC,3101,BSC FIRST YEAR SEMNR,C4,Lect,5,8,63%,2.6,4.6,4.4,4.4,3.6,4.6,4.6,4.6,4.2,4.4
Fall,2016,"MCGUIER, N. (co-taught)",BSC,3115,PHAGE GENOMICS RSRCH,1,Lect,16,22,73%,5,4.88,4.81,4.75,4.94,4.69,4.94,4.94,4.88,5
Fall,2016,"JARVIK, J. (co-taught)",BSC,3115,PHAGE GENOMICS RSRCH,1,Lect,16,22,73%,5,4.94,4.81,4.63,4.94,5,4.75,5,4.63,5
Fall,2016,ANNETTE VINCENT,BSC,3115,PHAGE GENOMICS RSRCH,W,Lect,5,6,83%,5,4.6,4.2,4.4,4,4.2,4.6,4.4,4.6,4
Fall,2015,"JARVIK, J. (co-taught)",BSC,3115,PHAGE GENOMICS RSRCH,A,Lect,14,20,70%,4.57,5,4.79,4.79,4.79,4.79,4.79,4.93,4.93,4.93
Fall,2015,"MOHAN, S. (co-taught)",BSC,3115,PHAGE GENOMICS RSRCH,A,Lect,14,20,70%,4.57,5,4.86,4.86,5,4.93,4.93,4.93,5,5
Fall,2015,ANNETTE VINCENT,BSC,3115,PHAGE GENOMICS RSRCH,W,Lect,4,6,67%,5.75,4.5,4.75,4.5,5,4.75,4.25,4.75,4.75,5
Fall,2014,"JARVIK, J. (co-taught)",BSC,3115,PHAGE GENOMICS RSRCH,A,Lect,16,21,76%,5.56,4.63,4.19,4.06,4.38,4.38,4.06,4.69,4,4.5
Fall,2014,"MOHAN, S. (co-taught)",BSC,3115,PHAGE GENOMICS RSRCH,A,Lect,16,21,76%,5.6,4.81,4.69,4.69,4.69,4.69,4.75,4.88,4.75,4.75
Fall,2014,ANNETTE VINCENT,BSC,3115,PHAGE GENOMICS RSRCH,W,Lect,5,6,83%,5,5,5,5,4.8,5,5,5,5,4.8
Fall,2013,"BRAUN, M. (co-taught)",BSC,3115,PHAGE GENOMICS RSRCH,A,Lect,15,20,75%,5.4,4.87,4.87,4.87,4.87,4.8,4.93,4.87,4.87,5
Fall,2013,"MCMANUS, C. (co-taught)",BSC,3115,PHAGE GENOMICS RSRCH,A,Lect,15,20,75%,5,5,4.78,4.78,4.78,4.89,4.7,4.9,4.6,5
Fall,2012,"JARVIK, J. (co-taught)",BSC,3115,PHAGE GENOMICS RSRCH,A,Lect,12,16,75%,5.25,4.75,4.5,4.33,4.42,4.83,4.42,4.75,4.33,4.83
Fall,2012,"BRAUN, M. (co-taught)",BSC,3115,PHAGE GENOMICS RSRCH,A,Lect,12,16,75%,5.27,4.92,4.92,4.75,4.83,4.92,4.83,4.92,4.83,4.92
Fall,2011,"JARVIK, J. (co-taught)",BSC,3115,PHAGE GENOMICS RSRCH,A,Lect,12,16,75%,5.75,4.83,4.25,4.25,4.42,4.75,4.17,4.92,4.33,4.75
Fall,2011,"BRAUN, M. (co-taught)",BSC,3115,PHAGE GENOMICS RSRCH,A,Lect,12,16,75%,5.75,4.75,4.92,4.75,4.67,4.58,4.92,4.92,4.67,4.75
Fall,2010,"JARVIK, J. (co-taught)",BSC,3115,PHAGE GENOMICS RSRCH,A,Lect,14,19,74%,5.21,4.93,4.86,4.71,4.86,4.93,4.93,4.93,4.86,4.86
Fall,2010,"BRAUN, M. (co-taught)",BSC,3115,PHAGE GENOMICS RSRCH,A,Lect,14,19,74%,5.43,4.93,5,4.93,4.93,4.93,5,4.93,4.93,4.93
Spring,2016,"LOPEZ, A. (co-taught)",BSC,3116,PHAGE GENOMICS RSRCH,A,Lect,7,18,39%,5,4.29,4.29,4,4.14,4.29,4.43,4.33,4,4.29
Spring,2016,"MOHAN, S. (co-taught)",BSC,3116,PHAGE GENOMICS RSRCH,A,Lect,7,18,39%,5.43,4.71,4.71,4.57,4.57,4.43,4.57,4.57,4.43,4.43
Spring,2016,VALENTIN ILYIN,BSC,3116,PHAGE GENOMICS RSRCH,W,Lect,6,6,100%,8,4.33,3.83,4.17,4,4.33,4,4.83,4,4.17
Spring,2015,"LOPEZ, A. (co-taught)",BSC,3116,PHAGE GENOMICS RSRCH,A,Lect,15,21,71%,5,4.4,3.87,3.93,3.93,4.07,4,4.47,3.8,4.2
Spring,2015,"MOHAN, S. (co-taught)",BSC,3116,PHAGE GENOMICS RSRCH,A,Lect,15,21,71%,4.36,4.53,4.4,4.27,4.4,4.4,4.47,4.73,4.6,4.47
Spring,2015,VALENTIN ILYIN,BSC,3116,PHAGE GENOMICS RSRCH,W,Lect,3,4,75%,10,4.33,3.67,4,4,4.33,4.33,5,4,4.33
Spring,2014,"LOPEZ, A. (co-taught)",BSC,3116,PHAGE GENOMICS RSRCH,A,Lect,13,20,65%,5,4.69,4.54,4.62,4.23,4.77,4.77,4.69,4.54,4.69
Spring,2014,"BRAUN, M. (co-taught)",BSC,3116,PHAGE GENOMICS RSRCH,A,Lect,13,20,65%,5,4.85,4.62,4.69,4.62,4.85,4.92,4.85,4.69,4.83
Spring,2013,"LOPEZ, A. (co-taught)",BSC,3116,PHAGE GENOMICS RSRCH,A,Lect,12,16,75%,4.5,4.42,3.75,4,4.25,4.18,4,4.5,4.25,4.17
Spring,2013,"BRAUN, M. (co-taught)",BSC,3116,PHAGE GENOMICS RSRCH,A,Lect,12,16,75%,4.5,4.33,4.25,4.25,4.33,4.33,4.33,4.5,4.33,4.08
Spring,2012,"LOPEZ, A. (co-taught)",BSC,3116,PHAGE GENOMICS RSRCH,A,Lect,16,16,100%,5.19,4.69,4.44,4.25,4.38,4.56,4.5,4.75,4.44,4.5
Spring,2012,"BRAUN, M. (co-taught)",BSC,3116,PHAGE GENOMICS RSRCH,A,Lect,16,16,100%,5.2,4.67,4.47,4.67,4.53,4.53,4.73,4.93,4.6,4.6
Spring,2011,"LOPEZ, A. (co-taught)",BSC,3116,PHAGE GENOMICS RSRCH,A,Lect,11,19,58%,4.73,4.91,4.91,4.91,4.82,4.91,5,5,5,5
Spring,2011,"BRAUN, M. (co-taught)",BSC,3116,PHAGE GENOMICS RSRCH,A,Lect,11,19,58%,4.73,5,5,4.91,4.91,4.82,5,5,5,5
Spring,2010,"LOPEZ, A. (co-taught)",BSC,3116,PHAGE GENOMICS RSRCH,A,Lect,13,20,65%,4.54,4.54,4.23,4.23,4,4.46,4.31,4.46,4.23,4.46
Spring,2010,"BRAUN, M. (co-taught)",BSC,3116,PHAGE GENOMICS RSRCH,A,Lect,13,20,65%,4.33,4.78,4.56,4.67,4.56,4.56,4.78,4.78,4.78,4.63
Summer,2016,DANIEL BRASIER,BSC,3121,MODERN BIOLOGY,E,Lect,5,5,100%,10.6,4.4,4.6,4.6,4.6,4.2,4.4,5,4.4,4.2
Summer,2016,DANIEL BRASIER,BSC,3121,MODERN BIOLOGY,U,Lect,9,9,100%,12.11,4.89,4.67,4.56,4.56,4.56,4.89,4.56,4.67,4.78
Spring,2016,"LANNI, F. (co-taught)",BSC,3121,MODERN BIOLOGY,A,Lect,94,150,63%,7.01,4.24,3.86,3.74,3.47,3.99,3.6,4.64,3.64,3.4
Spring,2016,"JARVIK, J. (co-taught)",BSC,3121,MODERN BIOLOGY,A,Lect,94,150,63%,7.01,3.91,3.52,3.4,3.1,3.62,3.26,4.26,3.12,3.14
Fall,2016,"VISOMIRSKI-ROBIC, L. (co-taught)",BSC,3121,MODERN BIOLOGY,A,Lect,91,148,61%,8.65,3.08,3.39,3.27,2.91,3.08,2.97,4.06,2.77,2.79
Fall,2016,"LOPEZ, A. (co-taught)",BSC,3121,MODERN BIOLOGY,A,Lect,91,148,61%,8.38,3.99,3.89,3.9,3.52,4.04,3.99,4.36,3.83,3.42
Fall,2016,"DANTONIO, J. (co-taught)",BSC,3121,MODERN BIOLOGY,B,Lect,38,39,97%,6.66,4.92,4.63,4.61,4.47,4.76,4.82,4.92,4.89,4.66
Fall,2016,"CAMPANARO, B. (co-taught)",BSC,3121,MODERN BIOLOGY,B,Lect,38,39,97%,6.66,4.58,4.45,4.47,4.37,4.57,4.47,4.84,4.45,4.68
Summer,2015,DANIEL BRASIER,BSC,3121,MODERN BIOLOGY,E,Lect,15,15,100%,14.73,5,4.87,4.93,4.73,4.73,4.87,5,4.8,4.79
Summer,2015,DANIEL BRASIER,BSC,3121,MODERN BIOLOGY,U,Lect,14,14,100%,10.21,4.86,4.71,4.64,4.57,4.57,4.43,4.93,4.46,4.54
Spring,2015,"LANNI, F. (co-taught)",BSC,3121,MODERN BIOLOGY,A,Lect,70,131,53%,7.56,3.58,3.03,3.01,2.72,3.57,2.8,4.12,2.75,2.65
Spring,2015,"JARVIK, J. (co-taught)",BSC,3121,MODERN BIOLOGY,A,Lect,70,131,53%,7.56,3.48,2.96,2.88,2.78,3.38,2.75,3.8,2.68,2.68
Fall,2015,"VISOMIRSKI-ROBIC, L. (co-taught)",BSC,3121,MODERN BIOLOGY,A,Lect,132,173,76%,7.5,3.59,3.56,3.43,3.3,3.3,2.99,4.26,2.98,3.34
Fall,2015,"BRASIER, D. (co-taught)",BSC,3121,MODERN BIOLOGY,A,Lect,132,173,76%,7.48,4.38,4.27,4.19,4,4.22,4.17,4.49,4.2,3.84
Summer,2014,DANIEL BRASIER,BSC,3121,MODERN BIOLOGY,E,Lect,14,14,100%,16.5,4.79,4.71,4.86,4.43,4.57,4.57,4.86,4.79,4.71
Summer,2014,DANIEL BRASIER,BSC,3121,MODERN BIOLOGY,U,Lect,6,8,75%,14.83,4.83,4.83,4.67,4.17,4.83,5,4.83,4.83,4.17
Spring,2014,"JARVIK, J. (co-taught)",BSC,3121,MODERN BIOLOGY,A,Lect,109,181,60%,6.23,3.46,2.93,2.9,2.6,3.22,2.6,3.88,2.5,2.87
Spring,2014,"BRASIER, D. (co-taught)",BSC,3121,MODERN BIOLOGY,A,Lect,109,181,60%,6.38,3.94,3.84,3.86,3.52,3.82,3.87,4.24,3.74,3.46
Fall,2014,"VISOMIRSKI-ROBIC, L. (co-taught)",BSC,3121,MODERN BIOLOGY,A,Lect,137,197,70%,7.22,3.45,3.37,3.34,3.04,3.26,3.04,3.95,2.75,3.2
Fall,2014,"BRASIER, D. (co-taught)",BSC,3121,MODERN BIOLOGY,A,Lect,137,197,70%,7.44,4.39,4.07,4.11,3.98,4.11,4.24,4.35,4.1,3.66
Fall,2014,KEN HOVIS,BSC,3121,MODERN BIOLOGY,W,Lect,6,10,60%,7,4.67,4.83,4.67,4.17,4.83,4.83,4.83,4.67,4.67
Summer,2013,SHOBA SUBRAMANIAN,BSC,3121,MODERN BIOLOGY,E,Lect,4,6,67%,11,5,5,5,4.75,5,5,5,5,5
Summer,2013,SHOBA SUBRAMANIAN,BSC,3121,MODERN BIOLOGY,U,Lect,5,13,38%,9.8,4.6,4.2,4.8,4.2,4.6,4.6,5,4.4,4.2
Spring,2013,"JARVIK, J. (co-taught)",BSC,3121,MODERN BIOLOGY,A,Lect,73,160,46%,6.32,3.66,3.01,2.93,2.7,3.4,2.73,4.12,2.62,3.01
Spring,2013,"SUBRAMANIAN, S. (co-taught)",BSC,3121,MODERN BIOLOGY,A,Lect,73,160,46%,6.39,4.3,4.11,4.17,3.73,4.19,4.14,4.33,4.01,3.63
Fall,2013,"LANNI, F. (co-taught)",BSC,3121,MODERNBIOLOGY,1,Lect,105,157,67%,7.41,3.9,3.41,3.3,3.13,3.8,3.26,4.23,3.24,3.3
Fall,2013,"BRASIER, D. (co-taught)",BSC,3121,MODERNBIOLOGY,1,Lect,105,157,67%,7.62,4.18,3.97,4.03,3.72,4.04,4.11,4.4,3.98,3.75
Fall,2013,JONATHAN MINDEN,BSC,3121,MODERNBIOLOGY,B,Lect,46,53,87%,9,4.83,4.48,4.57,4.35,4.83,4.78,4.85,4.74,4.67
Fall,2013,JONATHAN FINKEL,BSC,3121,MODERNBIOLOGY,W,Lect,21,29,72%,8.14,4.48,4.14,4.1,3.86,4.1,3.9,4.57,4,4.1
Fall,2013,KEN HOVIS,BSC,3121,MODERNBIOLOGY,X,Lect,11,16,69%,10.27,4.91,4.91,4.91,4.36,4.82,4.73,5,4.91,4.82
Summer,2012,SHOBA SUBRAMANIAN,BSC,3121,MODERN BIOLOGY,E,Lect,4,8,50%,9.5,4.5,4.75,5,5,5,5,5,4.5,4
Summer,2012,SHOBA SUBRAMANIAN,BSC,3121,MODERN BIOLOGY,U,Lect,6,10,60%,10.5,5,4.33,4.5,4.33,4.67,4.83,5,4.83,4.5
Spring,2012,"JARVIK, J. (co-taught)",BSC,3121,MODERN BIOLOGY,A,Lect,99,190,52%,5.13,3.71,3.23,3.1,2.95,3.47,3.03,4.29,3.02,2.99
Spring,2012,"SUBRAMANIAN, S. (co-taught)",BSC,3121,MODERN BIOLOGY,A,Lect,99,190,52%,5.42,4.11,3.87,3.86,3.77,4.02,3.87,4.29,3.85,3.59
Fall,2012,"LANNI, F. (co-taught)",BSC,3121,MODERN BIOLOGY,A,Lect,90,194,46%,7.18,4.07,3.6,3.51,3.07,3.84,3.28,4.47,3.28,3.35
Fall,2012,"BRASIER, D. (co-taught)",BSC,3121,MODERN BIOLOGY,A,Lect,90,194,46%,7.23,4.12,3.99,4.01,3.54,3.85,3.85,4.43,3.84,3.65
Fall,2012,JONATHAN MINDEN,BSC,3121,MODERN BIOLOGY,B,Lect,30,46,65%,8.3,4.6,4.33,4.43,4.23,4.53,4.4,4.77,4.4,4.4
Fall,2012,"HOVIS, K. (co-taught)",BSC,3121,MODERN BIOLOGY,W,Lect,36,58,62%,6.94,4.63,4.79,4.66,4.11,4.49,4.63,4.94,4.74,4.34
Fall,2012,"FINKEL, J. (co-taught)",BSC,3121,MODERN BIOLOGY,W,Lect,36,58,62%,6.5,4.28,4.14,4.19,3.92,3.94,4,4.5,4.06,4.11
Summer,2011,"DOONAN, C. (co-taught)",BSC,3121,MODERN BIOLOGY,E,Lect,3,17,18%,9,4.67,4,4.67,4.33,4.33,4.67,5,4.67,4.67
Summer,2011,"HOVIS, K. (co-taught)",BSC,3121,MODERN BIOLOGY,E,Lect,3,17,18%,9,4.67,4.67,4.67,4.67,4.67,5,5,5,5
Summer,2011,"DOONAN, C. (co-taught)",BSC,3121,MODERN BIOLOGY,U,Lect,4,18,22%,9.5,4.5,4.25,4.25,4.25,4.25,4.25,4.25,4,4.25
Summer,2011,"HOVIS, K. (co-taught)",BSC,3121,MODERN BIOLOGY,U,Lect,4,18,22%,9.5,4.5,4.5,4.5,4.5,4.5,4.5,4.5,4.5,4.5
Spring,2011,"HACKNEY, D. (co-taught)",BSC,3121,MODERN BIOLOGY,A,Lect,111,200,56%,5.71,3.47,3.43,3.35,2.91,3.42,3.33,4.08,3.09,2.84
Spring,2011,"JARVIK, J. (co-taught)",BSC,3121,MODERN BIOLOGY,A,Lect,111,200,56%,5.74,3.32,2.98,2.95,2.63,3.24,2.83,3.74,2.66,2.7
Fall,2011,"ETTENSOHN, C. (co-taught)",BSC,3121,MODERN BIOLOGY,A,Lect,102,193,53%,6.88,4.2,4.39,4.29,3.77,4.34,4.49,4.43,4.37,4.05
Fall,2011,"LANNI, F. (co-taught)",BSC,3121,MODERN BIOLOGY,A,Lect,102,193,53%,7.01,4,3.32,3.35,3.13,3.59,2.92,4.25,3.04,3.19
Fall,2011,"MINDEN, J. (co-taught)",BSC,3121,MODERN BIOLOGY,B,Lect,23,36,64%,9.7,4.65,4.13,4.39,3.78,4.7,4.3,4.87,4.13,4.17
Fall,2011,"SUBRAMANIAN, S. (co-taught)",BSC,3121,MODERN BIOLOGY,B,Lect,23,36,64%,8.86,4.17,3.7,3.78,3.57,3.74,3.17,4.43,2.91,3.74
Fall,2011,KEN HOVIS,BSC,3121,MODERN BIOLOGY,W,Lect,12,20,60%,6.09,4.73,4.91,4.91,4.73,5,4.73,5,4.82,4.64
Summer,2010,"HACKNEY, D. (co-taught)",BSC,3121,MODERN BIOLOGY,E,Lect,1,6,17%,11,4,3,4,3,5,4,5,4,4
Summer,2010,"DOONAN, C. (co-taught)",BSC,3121,MODERN BIOLOGY,E,Lect,1,6,17%,11,5,4,4,3,5,4,5,5,4
Summer,2010,"HACKNEY, D. (co-taught)",BSC,3121,MODERN BIOLOGY,U,Lect,3,16,19%,9,4,3.67,3.33,3,3.33,3.67,5,3.33,3.33
Summer,2010,"DOONAN, C. (co-taught)",BSC,3121,MODERN BIOLOGY,U,Lect,3,16,19%,9,4.33,4.67,4,3.67,4,4.67,4.33,4,4
Summer,2010,PETER BERGET,BSC,3121,MODERN BIOLOGY,W,Lect,2,22,9%,12.5,2.5,3,3,3.5,4,4,5,3.5,4
Spring,2010,JONATHAN JARVIK,BSC,3121,MODERN BIOLOGY,A,Lect,63,124,51%,5,3.73,3.32,3.11,2.92,3.6,3.14,4.44,3.13,3.03
Spring,2010,DAVID HACKNEY,BSC,3121,MODERN BIOLOGY,B,Lect,42,75,56%,6.5,3.83,3.83,3.79,3.39,3.88,3.71,4.29,3.6,3.43
Fall,2010,CHARLES ETTENSOHN,BSC,3121,MODERN BIOLOGY,A,Lect,85,163,52%,6.43,4.11,4.35,4.28,3.52,4.35,4.31,4.36,4.2,3.95
Fall,2010,PETER BERGET,BSC,3121,MODERN BIOLOGY,B,Lect,27,48,56%,7.89,4.67,4.56,4.59,4.37,4.78,4.56,4.7,4.56,4.44
Fall,2010,FREDERICK LANNI,BSC,3121,MODERN BIOLOGY,C,Lect,38,59,64%,7.05,4.53,4,3.84,3.68,4.32,3.92,4.59,3.87,3.87
Spring,2010,"KIGER, R. (co-taught)",BSC,3122,ORGANISMIC BOTANY,A,Lect,11,27,41%,4.18,3.64,3.73,3.36,2.91,3.55,3.55,3.82,3.18,3.45
Spring,2010,"MORTON, C. (co-taught)",BSC,3122,ORGANISMIC BOTANY,A,Lect,11,27,41%,5,4.33,4.22,4.33,4,4.44,4.11,4.56,4.38,4.44
Spring,2010,"UTECH, F. (co-taught)",BSC,3122,ORGANISMIC BOTANY,A,Lect,11,27,41%,3.67,3.56,3.33,3.56,3.33,3.78,3.67,3.88,3.78,3.67
Spring,2010,"JACOBSEN, T. (co-taught)",BSC,3122,ORGANISMIC BOTANY,A,Lect,11,27,41%,4,4.11,3.78,4,3.78,4,4,4.22,4.22,4.11
Summer,2016,CARRIE DOONAN,BSC,3124,MODERN BIOLOGY LAB,E,Lect,1,4,25%,11,5,5,4,5,5,5,5,5,5
Summer,2016,CARRIE DOONAN,BSC,3124,MODERN BIOLOGY LAB,U,Lect,1,3,33%,8,5,5,5,4,5,5,5,4,5
Spring,2016,SWARNA MOHAN,BSC,3124,MODERN BIOLOGY LAB,1,Lect,7,17,41%,6.71,4.43,4.86,4.86,4.57,4.71,5,4.43,4.57,4.14
Fall,2016,NATALIE MCGUIER,BSC,3124,MODERN BIOLOGY LAB,1,Lect,16,20,80%,8.19,4.81,4.75,4.81,4.75,4.81,5,4.81,4.88,4.81
Summer,2015,CARRIE DOONAN,BSC,3124,MODERN BIOLOGY LAB,E,Lect,4,7,57%,15,5,4.75,4.25,4.5,4.25,4.5,5,4.75,5
Spring,2015,SWARNA MOHAN,BSC,3124,MODERN BIOLOGY LAB,1,Lect,7,17,41%,7.57,4.57,4.86,4.71,4.57,4.57,4.71,4.57,4.57,4.43
Fall,2015,SWARNA MOHAN,BSC,3124,MODERN BIOLOGY LAB,1,Lect,10,20,50%,6.5,4.5,4.2,4.6,4.6,4.6,4.6,4.5,4.6,4.5
Summer,2014,CARRIE DOONAN,BSC,3124,MODERN BIOLOGY LAB,E,Lect,1,4,25%,11,5,4,4,5,5,5,4,5,5
Summer,2014,CARRIE DOONAN,BSC,3124,MODERN BIOLOGY LAB,U,Lect,1,2,50%,8,5,5,5,5,5,5,5,5,5
Spring,2014,LINDA VISOMIRSKI-ROBIC,BSC,3124,MODERN BIOLOGY LAB,1,Lect,13,18,72%,10.31,4.69,4.46,4.46,4.46,4.54,4.46,4.62,4.54,4.31
Fall,2014,SWARNA MOHAN,BSC,3124,MODERN BIOLOGY LAB,1,Lect,5,15,33%,8,4,4,4.2,4.2,4.2,4,3.8,4,4.2
Summer,2013,CARRIE DOONAN,BSC,3124,MODERN BIOLOGY LAB,E,Lect,2,3,67%,12.5,5,5,4.5,5,5,5,5,5,5
Summer,2013,CARRIE DOONAN,BSC,3124,MODERN BIOLOGY LAB,U,Lect,2,3,67%,13,5,4,5,3.5,5,5,4.5,5,4.5
Spring,2013,LINDA VISOMIRSKI-ROBIC,BSC,3124,MODERN BIOLOGY LAB,1,Lect,12,13,92%,10.25,4.58,4.42,4.42,4.42,4.5,4.25,4.83,4.42,4.25
Fall,2013,LINDA VISOMIRSKI-ROBIC,BSC,3124,MODERN BIOLOGY LAB,1,Lect,6,20,30%,8,5,4.83,4.83,4.83,4.83,4.83,5,4.83,4.83
Fall,2013,LINDA VISOMIRSKI-ROBIC,BSC,3124,MODERN BIOLOGY LAB,A,Lect,3,11,27%,6,5,5,5,5,5,5,5,5,5
Fall,2013,LINDA VISOMIRSKI-ROBIC,BSC,3124,MODERN BIOLOGY LAB,B,Lect,2,9,22%,9.5,5,5,5,5,5,5,5,5,5
Summer,2012,CARRIE DOONAN,BSC,3124,MODERN BIOLOGY LAB,E,Lect,2,4,50%,14,4,4,4,4,4.5,4,4,3.5,3.5
Summer,2012,CARRIE DOONAN,BSC,3124,MODERN BIOLOGY LAB,U,Lect,1,3,33%,8,5,5,5,4,5,5,5,5,4
Spring,2012,LINDA VISOMIRSKI-ROBIC,BSC,3124,MODERN BIOLOGY LAB,1,Lect,6,12,50%,10,4.83,4.67,4.67,4.5,4.5,4.67,5,4.67,4.5
Fall,2012,LINDA VISOMIRSKI-ROBIC,BSC,3124,MODERN BIOLOGY LAB,1,Lect,9,15,60%,9,4.44,4.22,4.22,4.56,4.44,4.22,4.67,4.11,3.89
Summer,2011,CARRIE DOONAN,BSC,3124,MODERN BIOLOGY LAB,E,Lect,1,6,17%,8,5,3,3,5,4,5,4,4,4
Summer,2011,CARRIE DOONAN,BSC,3124,MODERN BIOLOGY LAB,U,Lect,1,6,17%,,5,5,5,5,5,5,5,5,5
Spring,2011,LINDA VISOMIRSKI-ROBIC,BSC,3124,MODERN BIOLOGY LAB,1,Lect,6,20,30%,11,4.5,4.5,4.5,4.17,4.33,4.33,4.33,4.5,4.5
Fall,2011,LINDA VISOMIRSKI-ROBIC,BSC,3124,MODERN BIOLOGY LAB,1,Lect,10,20,50%,11.6,4.4,4.3,4.3,4.1,4.4,4.2,4.5,4.4,4.4
Summer,2010,CARRIE DOONAN,BSC,3124,MODERN BIOLOGY LAB,U,Lect,1,4,25%,5,5,5,5,5,5,5,5,5,5
Spring,2010,LINDA VISOMIRSKI-ROBIC,BSC,3124,MODERN BIOLOGY LAB,1,Lect,8,19,42%,9.5,4.63,4.25,4.63,4.63,4.38,4.38,4.75,4.5,4.63
Fall,2010,LINDA VISOMIRSKI-ROBIC,BSC,3124,MODERN BIOLOGY LAB,1,Lect,6,14,43%,11,4,3,3.17,3,3.33,3.83,4.17,3.33,3
Fall,2016,VERONICA HINMAN,BSC,3125,EVOLTN,A,Lect,12,26,46%,6,4.42,4.25,4.33,4.17,4.17,4.5,4.75,4.25,4
Fall,2015,VERONICA HINMAN,BSC,3125,EVOLTN,A,Lect,21,33,64%,4.71,4.57,4.48,4.48,4.14,4.48,4.65,4.81,4.38,4.24
Fall,2014,VERONICA HINMAN,BSC,3125,EVOLTN,A,Lect,4,8,50%,5.75,4.5,4,4.25,4,4.5,4,4.5,4,4
Fall,2012,VERONICA HINMAN,BSC,3125,EVOLTN & HISTRY LIFE,A,Lect,11,20,55%,5.3,4.64,4.45,4.36,4.36,4.55,4.45,4.73,4.45,4.27
Fall,2012,KAREN THICKMAN,BSC,3126,CELLR RESP ENVIRMNT,11,Lect,7,9,78%,6.29,4.86,4.43,4.43,4.43,4.29,4.43,4.71,4.43,4.57
Fall,2012,KAREN THICKMAN,BSC,3126,CELLR RESP ENVIRMNT,12,Lect,7,7,100%,4.57,4.86,5,4.86,4.71,4.71,4.57,4.71,4.86,4.43
Fall,2012,KAREN THICKMAN,BSC,3126,CELLR RESP ENVIRMNT,A1,Lect,5,9,56%,6,4.75,4.75,4.75,4.25,4.25,4.5,4.75,4.75,4.5
Fall,2011,KAREN THICKMAN,BSC,3126,CELLR RESP ENVIRMNT,11,Lect,6,10,60%,5.5,4.5,4.17,4.33,4.17,4.33,4.67,4.5,4.5,4.33
Fall,2011,KAREN THICKMAN,BSC,3126,CELLR RESP ENVIRMNT,12,Lect,3,8,38%,6,4.67,5,4.67,4.67,4.67,4.33,4.67,4.67,4.67
Fall,2010,KAREN THICKMAN,BSC,3126,CELLR RESP ENVIRMNT,12,Lect,8,10,80%,6.88,4.88,4,4.25,4.88,4.63,4.25,4.88,4.5,4.5
Spring,2016,JONATHAN MINDEN,BSC,3127,HW BLG EX WK PRJ CRS,A,Lect,1,9,11%,5,5,5,5,5,5,5,5,5,5
Spring,2015,JONATHAN MINDEN,BSC,3127,HW BLG EX WK PRJ CRS,A,Lect,7,11,64%,6.29,5,4.71,4.43,5,4.57,4.86,5,4.71,4.14
Spring,2013,JONATHAN MINDEN,BSC,3127,HW BLG EX WK PRJ CRS,A,Lect,9,11,82%,6.33,5,4.44,4.89,4.78,4.89,4.67,5,5,4.78
Spring,2012,JONATHAN MINDEN,BSC,3127,HW BLG EX WK PRJ CRS,A,Lect,11,12,92%,4.73,5,4.73,4.82,4.82,4.91,4.82,5,4.91,4.73
Spring,2011,JONATHAN MINDEN,BSC,3127,HW BLG EX WK PRJ CRS,A,Lect,5,11,45%,6.5,4.8,4.2,4.2,4.6,4.8,4.4,5,4.8,4.4
Fall,2015,GORDON RULE,BSC,3131,GENES DRGS & DISEAS,W,Lect,17,25,68%,8.24,4.88,4.82,4.76,4.65,4.53,4.69,4.88,4.82,4.53
Fall,2013,GORDON RULE,BSC,3131,GENESDRGS&DISEAS,W,Lect,13,18,72%,8.75,5,4.92,4.85,4.62,4.85,4.92,5,5,4.85
Summer,2016,BROOKE MCCARTNEY,BSC,3132,BAS SCI TO MOD MEDCN,E,Lect,3,3,100%,14.33,5,5,5,5,5,5,5,5,5
Summer,2016,BROOKE MCCARTNEY,BSC,3132,BAS SCI TO MOD MEDCN,S,Lect,3,7,43%,12,4.67,4.33,4.33,4.67,4.67,4.33,4.67,4.33,4.33
Summer,2016,BROOKE MCCARTNEY,BSC,3132,BAS SCI TO MOD MEDCN,U,Lect,2,2,100%,11,5,4.5,4,3.5,5,5,5,4.5,4.5
Spring,2016,MOHAMED BOUAOUINA,BSC,3132,BAS SCI TO MOD MEDCN,W,Lect,16,19,84%,7.25,4.19,3.88,4,3.31,3.94,4,4.19,3.88,3.69
Fall,2016,BROOKE MCCARTNEY,BSC,3132,BAS SCI TO MOD MEDCN,A,Lect,13,28,46%,6.75,3.92,2.92,3.62,3,4.08,3.85,3.77,3.46,3.38
Fall,2016,MOHAMED BOUAOUINA,BSC,3132,BAS SCI TO MOD MEDCN,W,Lect,10,14,71%,8.6,4.2,4.4,4.2,3,3.6,4.2,3.9,3.9,3.5
Spring,2015,MOHAMED BOUAOUINA,BSC,3132,BAS SCI TO MOD MEDCN,W,Lect,13,23,57%,6,4.54,4.23,4.08,3.54,4.31,4.23,4.54,4.15,4
Fall,2015,BROOKE MCCARTNEY,BSC,3132,BAS SCI TO MOD MEDCN,A,Lect,20,29,69%,5,4.35,4,4.25,3.55,4.45,4.15,4.65,4.1,3.8
Spring,2014,BROOKE MCCARTNEY,BSC,3132,BAS SCI TO MOD MEDCN,A,Lect,14,21,67%,6.29,4.79,3.86,4.21,4.43,4.86,4.43,4.86,4.5,4.07
Spring,2014,MOHAMED BOUAOUINA,BSC,3132,BAS SCI TO MOD MEDCN,W,Lect,16,17,94%,7.81,4.13,3.63,3.88,3.13,3.88,3.81,4.63,3.81,3.69
Fall,2014,BROOKE MCCARTNEY,BSC,3132,BAS SCI TO MOD MEDCN,A,Lect,16,24,67%,7.13,4.75,4,4.31,4,4.44,4,4.69,4.31,4.06
Fall,2016,JONATHAN MINDEN,BSC,3151,HONORS MOD BIOLOGY,1,Lect,39,58,67%,10.16,4.92,4.67,4.59,4.51,4.85,4.85,4.97,4.85,4.85
Fall,2016,"RULE, G. (co-taught)",BSC,3151,HONORS MOD BIOLOGY,W,Lect,15,20,75%,8.8,4.87,4.33,4.33,4.27,4.33,4.6,4.93,4.4,4.47
Fall,2016,"HOVIS, K. (co-taught)",BSC,3151,HONORS MOD BIOLOGY,W,Lect,15,20,75%,8.21,4.47,4.6,4.47,4.27,4.33,4.53,4.73,4.4,4.27
Fall,2015,JONATHAN MINDEN,BSC,3151,HONORS MOD BIOLOGY,1,Lect,43,55,78%,8.28,4.93,4.72,4.72,4.6,4.86,4.77,4.88,4.74,4.72
Fall,2015,KEN HOVIS,BSC,3151,HONORS MOD BIOLOGY,W,Lect,10,16,63%,10.4,4.8,4.9,4.9,4.4,4.9,4.9,4.9,4.9,4.6
Fall,2014,JONATHAN MINDEN,BSC,3151,HONORS MOD BIOLOGY,1,Lect,38,53,72%,8.81,4.71,4.32,4.37,4.24,4.61,4.37,4.79,4.39,4.32
Fall,2014,KEN HOVIS,BSC,3151,HONORS MOD BIOLOGY,W,Lect,7,14,50%,11.43,4.43,4.71,4.71,4,4.86,4.29,5,4.57,4.29
Summer,2016,DANIEL BRASIER,BSC,3161,MOLECULES TO MIND,E,Lect,10,10,100%,12,4.9,4.7,4.8,4.5,4.6,4.7,5,4.8,4.7
Summer,2016,DANIEL BRASIER,BSC,3161,MOLECULES TO MIND,U,Lect,5,5,100%,11,4.8,4.8,4.4,4.6,4.4,4.8,5,4.6,4.4
Spring,2016,DANIEL BRASIER,BSC,3161,MOLECULES TO MIND,A,Lect,77,77,100%,6.62,4.83,4.68,4.53,4.56,4.52,4.6,4.82,4.62,4.45
Summer,2015,DANIEL BRASIER,BSC,3161,MOLECULES TO MIND,S,Lect,3,3,100%,7,5,4.67,4.67,5,4.67,5,5,4.67,4.33
Spring,2015,"BARTH, A. (co-taught)",BSC,3161,MOLECULES TO MIND,A,Lect,29,43,67%,7.07,4.28,4,3.93,3.72,4,4.07,4.17,3.93,3.93
Spring,2015,"BRASIER, D. (co-taught)",BSC,3161,MOLECULES TO MIND,A,Lect,29,43,67%,6.89,4.59,4.17,4.21,4.07,4.1,4.07,4.55,4.07,4.1
Fall,2016,BECKI CAMPANARO,BSC,3201,UNDGRAD COLLQM SOPHM,A,Lect,29,49,59%,2.21,4.55,4.66,4.59,4.55,4.55,4.61,4.66,4.55,4.21
Fall,2016,"HOVIS, K. (co-taught)",BSC,3201,UNDGRAD COLLQM SOPHM,W,Lect,13,19,68%,2.23,4.85,4.85,4.62,4.31,4.62,4.62,4.85,4.69,4.54
Fall,2016,"VINCENT, A. (co-taught)",BSC,3201,UNDGRAD COLLQM SOPHM,W,Lect,13,19,68%,2.23,4.77,4.69,4.54,4.23,4.54,4.54,4.77,4.69,4.46
Fall,2015,"BRAUN, M. (co-taught)",BSC,3201,UNDGRAD COLLQM SOPHM,A,Lect,25,40,63%,2,4.24,4.32,4.32,4,4.04,4.08,4.48,4.16,3.92
Fall,2015,"CAMPANARO, B. (co-taught)",BSC,3201,UNDGRAD COLLQM SOPHM,A,Lect,25,40,63%,2,4.32,4.32,4.24,4,4.2,4.28,4.52,4.2,3.96
Fall,2015,KEN HOVIS,BSC,3201,UNDGRAD COLLQM SOPHM,W,Lect,15,26,58%,3.07,4.8,4.87,4.8,4.79,4.79,4.71,4.93,4.86,4.71
Fall,2014,"BRAUN, M. (co-taught)",BSC,3201,UNDGRAD COLLQM SOPHM,A,Lect,30,58,52%,2,4.73,4.63,4.67,4.57,4.77,4.67,4.7,4.6,4.67
Fall,2014,"SUBRAMANIAN, S. (co-taught)",BSC,3201,UNDGRAD COLLQM SOPHM,A,Lect,30,58,52%,2.2,4.57,4.47,4.53,4.4,4.6,4.53,4.5,4.5,4.53
Fall,2013,MARY BRAUN,BSC,3201,UNDGRAD COLLQM SOPHM,A,Lect,30,55,55%,2.3,4.53,4.53,4.57,4.3,4.53,4.43,4.67,4.5,4.4
Fall,2012,MARY BRAUN,BSC,3201,UNDGRAD COLLQM SOPHM,A,Lect,25,53,47%,2,4.63,4.71,4.58,4.46,4.54,4.54,4.83,4.63,4.33
Fall,2012,KEN HOVIS,BSC,3201,UNDGRAD COLLQM SOPHM,W,Lect,2,2,100%,2,5,5,5,5,5,5,5,5,5
Fall,2011,MARY BRAUN,BSC,3201,UNDGRAD COLLQM SOPHM,A,Lect,29,63,46%,2.1,4.76,4.66,4.62,4.41,4.59,4.61,4.9,4.76,4.52
Fall,2011,KEN HOVIS,BSC,3201,UNDGRAD COLLQM SOPHM,W,Lect,3,6,50%,2,4.67,5,5,5,4.67,4.67,5,5,4.33
Spring,2016,KEN HOVIS,BSC,3202,UNDGRAD COLLOQUM SOP,W,Lect,5,7,71%,2,5,5,5,4.8,5,5,5,5,5
Spring,2015,KEN HOVIS,BSC,3202,UNDGRAD COLLOQUM SOP,W,Lect,6,10,60%,2,4.83,4.83,4.83,4.83,4.67,4.83,4.83,4.83,4.33
Fall,2014,KEN HOVIS,BSC,3202,UNDGRAD COLLOQUM SOP,W,Lect,10,13,77%,2.3,4.6,4.7,4.7,4.3,4.5,4.5,4.8,4.6,4.5
Spring,2010,MARY BRAUN,BSC,3202,UNDGRAD COLLOQUM SOP,A,Lect,8,20,40%,2,4.38,4.5,4.38,4.25,4.57,4.57,4.86,4.71,4.71
Spring,2012,JEFFREY HOLLINGER,BSC,3203,REGENERATV THERAPTCS,A4,Lect,3,20,15%,2,4,3.67,3.33,3.33,3.67,3,3.33,3.33,3
Spring,2011,JEFFREY HOLLINGER,BSC,3203,REGENERATV THERAPTCS,A4,Lect,9,21,43%,4,4.11,3.44,4,3.89,4.67,4,4.22,4,3.67
Spring,2010,JEFFREY HOLLINGER,BSC,3203,REGENERATV THERAPTCS,A4,Lect,9,16,56%,4.67,4.44,3.67,4.11,4.22,4.56,4.38,4.11,4.25,4
Spring,2016,CONRAD ZAPANTA,BSC,3206,BIOMED ENG LAB,A,Lect,3,9,33%,10,4.33,4.33,4,4,4,4,4.67,4.33,3.67
Fall,2016,CONRAD ZAPANTA,BSC,3206,BIOMED ENG LAB,A,Lect,7,7,100%,9.29,4.71,4.43,4.71,4.43,4.71,4.71,5,4.86,4.43
Fall,2016,CONRAD ZAPANTA,BSC,3206,BIOMED ENG LAB,B,Lect,3,6,50%,12,5,4,4,5,4,4.67,5,4.67,4
Spring,2015,CONRAD ZAPANTA,BSC,3206,BIOMED ENG LAB,A,Lect,3,3,100%,8,5,5,5,4.67,4.67,4.67,4.33,5,4.67
Spring,2015,CONRAD ZAPANTA,BSC,3206,BIOMED ENG LAB,B,Lect,7,9,78%,8,5,5,5,4.71,4.86,5,5,5,4.86
Fall,2015,CONRAD ZAPANTA,BSC,3206,BIOMED ENG LAB,A,Lect,8,13,62%,13,4.88,4.88,5,4.63,5,5,5,4.88,4.88
Fall,2015,CONRAD ZAPANTA,BSC,3206,BIOMED ENG LAB,B,Lect,4,9,44%,8.75,4.75,4.5,5,4,4.75,4.75,5,5,4.75
Spring,2014,CONRAD ZAPANTA,BSC,3206,BIOMED ENG LAB,A,Lect,6,8,75%,6.5,5,4.83,5,5,5,4.83,5,5,5
Spring,2014,CONRAD ZAPANTA,BSC,3206,BIOMED ENG LAB,B,Lect,3,5,60%,8,5,5,5,4.33,5,5,5,5,5
Fall,2014,CONRAD ZAPANTA,BSC,3206,BIOMED ENG LAB,A,Lect,2,3,67%,11,4.5,4,4.5,4.5,5,3.5,5,4.5,4.5
Fall,2014,CONRAD ZAPANTA,BSC,3206,BIOMED ENG LAB,B,Lect,10,12,83%,9.2,4.7,4.5,4.6,4.5,4.7,4.6,4.8,4.6,4.89
Spring,2013,CONRAD ZAPANTA,BSC,3206,BIOMED ENG LAB,A,Lect,3,4,75%,9,5,4.67,5,5,5,4.67,5,5,4.67
Spring,2013,CONRAD ZAPANTA,BSC,3206,BIOMED ENG LAB,B,Lect,1,2,50%,11,5,5,5,5,5,5,5,5,5
Fall,2013,CONRAD ZAPANTA,BSC,3206,BIOMED ENG LAB,A,Lect,9,11,82%,8,4.89,4.89,5,5,5,5,5,4.89,4.89
Fall,2013,CONRAD ZAPANTA,BSC,3206,BIOMED ENG LAB,B,Lect,5,6,83%,10.4,5,5,5,4.6,4.8,4.6,5,4.6,4.8
Spring,2012,CONRAD ZAPANTA,BSC,3206,BIOMED ENG LAB,A,Lect,6,6,100%,9,5,4.83,4.83,4.83,4.83,4.83,5,4.83,4.67
Spring,2012,CONRAD ZAPANTA,BSC,3206,BIOMED ENG LAB,B,Lect,4,8,50%,11,5,5,4.75,4.75,5,4.75,4.75,5,4.75
Fall,2012,CONRAD ZAPANTA,BSC,3206,BIOMED ENG LAB,A,Lect,3,5,60%,10,5,4.67,5,4,4.67,5,5,4.67,4.33
Fall,2012,CONRAD ZAPANTA,BSC,3206,BIOMED ENG LAB,B,Lect,6,8,75%,8.5,4.33,4.5,4.5,4.17,4.33,4.33,4.33,4.17,4.17
Spring,2011,CONRAD ZAPANTA,BSC,3206,BIOMED ENG LAB,A,Lect,3,6,50%,10,5,5,5,5,5,5,5,5,5
Spring,2011,CONRAD ZAPANTA,BSC,3206,BIOMED ENG LAB,B,Lect,4,4,100%,9,5,4.75,4.75,4.75,4.75,4.5,5,5,4.75
Fall,2011,CONRAD ZAPANTA,BSC,3206,BIOMED ENG LAB,A,Lect,3,7,43%,9,5,5,5,5,5,5,5,5,5
Fall,2011,CONRAD ZAPANTA,BSC,3206,BIOMED ENG LAB,B,Lect,4,7,57%,9.5,4.75,5,4.5,3.5,4.5,4.5,5,4.75,4.5
Spring,2010,CONRAD ZAPANTA,BSC,3206,BIOMED ENG LAB,A,Lect,7,9,78%,7.5,4.86,4.86,4.86,4.43,5,4.71,4.86,4.71,4.86
Spring,2010,CONRAD ZAPANTA,BSC,3206,BIOMED ENG LAB,B,Lect,3,4,75%,7,4.33,4.67,4.67,4.67,4.67,4.67,4.67,4.33,4.67
Fall,2010,CONRAD ZAPANTA,BSC,3206,BIOMED ENG LAB,A,Lect,2,6,33%,5,5,5,5,5,5,5,5,5,5
Fall,2010,CONRAD ZAPANTA,BSC,3206,BIOMED ENG LAB,B,Lect,5,9,56%,9.2,4.8,4.8,4.8,5,4.8,4.8,5,4.5,4.6
Summer,2015,MARY BRAUN,BSC,3210,INDEPENDENT STUDY,R,Lect,5,9,56%,18.8,4.4,4.6,4.6,4.4,4.75,4.75,4.75,4.75,4.75
Summer,2013,MARY BRAUN,BSC,3210,INDEPENDENT STUDY,R,Lect,3,12,25%,12.33,5,5,5,5,5,5,5,5,5
Fall,2016,"LOPEZ, A. (co-taught)",BSC,3220,GENETICS,1,Lect,65,90,72%,9.25,3.98,3.89,3.83,3.66,3.94,3.54,4.22,3.57,3.56
Fall,2016,"MCMANUS, C. (co-taught)",BSC,3220,GENETICS,1,Lect,65,90,72%,9.17,4.48,4.17,4.12,4,4.23,3.98,4.58,3.94,3.73
Spring,2016,KEN HOVIS,BSC,3230,INTRO MAMMALIAN PHYS,W,Lect,14,24,58%,9.57,4.57,4.57,4.57,4.07,4.64,4.43,4.79,4.43,4.29
Spring,2014,KEN HOVIS,BSC,3230,INTRO MAMMALIAN PHYS,W,Lect,13,28,46%,7.31,4.54,4.54,4.77,4.15,4.62,4.69,4.92,4.85,4.67
Spring,2013,DANIEL BRASIER,BSC,3230,INTRO MAMMALIAN PHYS,A,Lect,22,29,76%,7.32,4.82,4.82,4.73,4.32,4.59,4.73,4.91,4.73,4.59
Spring,2013,KEN HOVIS,BSC,3230,INTRO MAMMALIAN PHYS,W,Lect,8,14,57%,8.38,4.88,4.88,5,4.13,4.75,4.75,5,4.88,4.88
Spring,2012,KEN HOVIS,BSC,3230,INTRO MAMMALIAN PHYS,W,Lect,4,8,50%,8,5,5,5,4.75,5,5,5,5,5
Fall,2015,"LEE, C. (co-taught)",BSC,3231,BIOCHEMISTRY I,A,Lect,5,12,42%,9.2,4.6,4.2,4.4,4,4.4,4.4,4.6,4.2,3.6
Fall,2015,"HACKNEY, D. (co-taught)",BSC,3231,BIOCHEMISTRY I,A,Lect,5,12,42%,8,3.2,3.2,3.2,3.2,3.2,3.2,3.6,2.6,2.4
Fall,2014,"LEE, C. (co-taught)",BSC,3231,BIOCHEMISTRY I,A,Lect,43,76,57%,8.77,4.57,4.37,4.42,4.12,4.49,4.47,4.67,4.47,4
Fall,2014,"HACKNEY, D. (co-taught)",BSC,3231,BIOCHEMISTRY I,A,Lect,43,76,57%,9.47,3.72,3.4,3.19,3.07,3.53,2.69,4.21,2.74,3.05
Fall,2013,"LEE, C. (co-taught)",BSC,3231,BIOCHEMISTRY I,A,Lect,42,74,57%,8.55,4.46,4.37,4.37,3.98,4.44,4.49,4.44,4.34,3.83
Fall,2013,"HACKNEY, D. (co-taught)",BSC,3231,BIOCHEMISTRY I,A,Lect,42,74,57%,9.46,3.43,3.43,3.38,3.08,3.36,2.95,3.98,2.83,3.12
Fall,2012,"LEE, C. (co-taught)",BSC,3231,BIOCHEMISTRY I,A,Lect,31,79,39%,8.29,3.84,3.87,3.87,3.29,3.97,3.61,4.35,3.65,3.97
Fall,2012,"MACBETH, M. (co-taught)",BSC,3231,BIOCHEMISTRY I,A,Lect,31,79,39%,8.4,4.45,4.39,4.39,3.9,4.45,4.45,4.45,4.39,4.35
Fall,2011,"LEE, C. (co-taught)",BSC,3231,BIOCHEMISTRY I,A,Lect,40,80,50%,8.15,4.2,4.25,4.17,3.85,4.4,4.2,4.58,4,4.15
Fall,2011,"MACBETH, M. (co-taught)",BSC,3231,BIOCHEMISTRY I,A,Lect,40,80,50%,8.31,4.68,4.47,4.45,4.32,4.75,4.55,4.7,4.58,4.3
Fall,2010,"LEE, C. (co-taught)",BSC,3231,BIOCHEMISTRY I,A,Lect,34,71,48%,7.47,4.06,4.26,4.21,3.71,4.15,4.21,4.58,4.09,3.94
Fall,2010,"MACBETH, M. (co-taught)",BSC,3231,BIOCHEMISTRY I,A,Lect,34,71,48%,7.36,4.47,4.44,4.38,4.06,4.44,4.53,4.56,4.35,4.15
Spring,2016,"RULE, G. (co-taught)",BSC,3232,BIOCHEMISTRY I,1,Lect,73,148,49%,8.88,4.73,4.68,4.61,4.47,4.6,4.76,4.78,4.67,4.31
Spring,2016,"VISOMIRSKI-ROBIC, L. (co-taught)",BSC,3232,BIOCHEMISTRY I,1,Lect,73,148,49%,8.46,3.56,3.34,3.19,3,3.09,2.54,4.09,2.63,3.25
Fall,2016,GORDON RULE,BSC,3232,BIOCHEMISTRY I,W,Lect,12,14,86%,11.33,4.92,4.92,4.83,4.75,4.92,4.92,4.92,4.92,4.83
Spring,2015,GORDON RULE,BSC,3232,BIOCHEMISTRY I,1,Lect,53,106,50%,8.23,4.77,4.66,4.73,4.47,4.55,4.58,4.75,4.57,4.51
Fall,2015,GORDON RULE,BSC,3232,BIOCHEMISTRY I,W,Lect,8,13,62%,10.75,5,5,5,5,5,5,5,4.88,4.88
Spring,2014,GORDON RULE,BSC,3232,BIOCHEMISTRY I,1,Lect,66,126,52%,8.09,4.73,4.74,4.77,4.59,4.68,4.73,4.86,4.73,4.58
Fall,2014,GORDON RULE,BSC,3232,BIOCHEMISTRY I,W,Lect,12,20,60%,8.25,4.75,4.83,5,5,4.92,5,5,4.92,5
Spring,2013,GORDON RULE,BSC,3232,BIOCHEMISTRY I,1,Lect,49,107,46%,7.88,4.92,4.88,4.9,4.65,4.82,4.84,4.92,4.9,4.84
Fall,2013,GORDON RULE,BSC,3232,BIOCHEMISTRYI,W,Lect,10,12,83%,10.78,5,4.8,4.7,4.3,4.8,4.5,5,4.8,4.4
Spring,2012,GORDON RULE,BSC,3232,BIOCHEMISTRY I,1,Lect,68,132,52%,8.58,4.85,4.84,4.85,4.68,4.71,4.81,4.9,4.84,4.7
Spring,2011,GORDON RULE,BSC,3232,BIOCHEMISTRY I,1,Lect,55,119,46%,7.83,4.74,4.75,4.65,4.41,4.69,4.74,4.85,4.72,4.62
Spring,2010,GORDON RULE,BSC,3232,BIOCHEMISTRY I,1,Lect,71,130,55%,7.87,4.83,4.8,4.75,4.62,4.7,4.87,4.87,4.87,4.71
Spring,2016,ADAM LINSTEDT,BSC,3240,CELL BIOLOGY,A,Lect,19,30,63%,8.5,4.37,4.42,4.53,3.84,4.47,4.21,4.42,4.05,3.95
Spring,2016,MOHAMED BOUAOUINA,BSC,3240,CELL BIOLOGY,W,Lect,11,14,79%,8.27,4.55,4.36,4.36,3.91,4.18,4.64,4.73,4.45,4.55
Spring,2015,"LINSTEDT, A. (co-taught)",BSC,3240,CELL BIOLOGY,A,Lect,37,69,54%,8.81,4.22,3.89,3.95,3.65,4.19,3.97,4.3,3.86,3.86
Spring,2015,"PUTHENVEEDU, M. (co-taught)",BSC,3240,CELL BIOLOGY,A,Lect,37,69,54%,8.69,4.54,4.27,4.35,4.08,4.49,4.43,4.57,4.26,4.3
Spring,2015,MOHAMED BOUAOUINA,BSC,3240,CELL BIOLOGY,W,Lect,16,21,76%,12.31,4.31,4.44,4.31,4.56,4.31,4.44,4.69,4.31,4.38
Spring,2014,MANOJKUMAR PUTHENVEEDU,BSC,3240,CELL BIOLOGY,A,Lect,32,65,49%,8.53,4.38,4.47,4.41,3.91,4.28,4.28,4.66,4.19,4.22
Spring,2014,MOHAMED BOUAOUINA,BSC,3240,CELL BIOLOGY,W,Lect,11,20,55%,13.6,3.73,3.09,3.09,2.73,3.36,3.55,4,3.18,2.64
Spring,2013,ADAM LINSTEDT,BSC,3240,CELL BIOLOGY,A,Lect,27,76,36%,9.52,3.93,4.11,4.04,3.56,4.37,4.19,4.44,3.93,3.96
Spring,2012,MANOJKUMAR PUTHENVEEDU,BSC,3240,CELL BIOLOGY,A,Lect,40,68,59%,9.18,4.17,3.44,3.49,3.51,3.69,2.97,4.64,3.08,3.1
Fall,2012,KEN HOVIS,BSC,3240,CELL BIOLOGY,W,Lect,3,3,100%,13,3.67,4.33,3.67,3.33,3.67,4,4.33,3.67,4
Spring,2011,ADAM LINSTEDT,BSC,3240,CELL BIOLOGY,A,Lect,49,102,48%,8.61,4.49,4.51,4.47,4.33,4.6,4.55,4.61,4.45,4.39
Fall,2011,KEN HOVIS,BSC,3240,CELL BIOLOGY,W,Lect,6,7,86%,7.25,5,4.83,5,4.67,5,5,5,5,5
Spring,2010,"MINDEN, J. (co-taught)",BSC,3240,CELL BIOLOGY,A,Lect,43,87,49%,8.21,4.21,3.7,3.81,3.7,4.02,3.51,4.23,3.53,3.58
Spring,2010,"LINSTEDT, A. (co-taught)",BSC,3240,CELL BIOLOGY,A,Lect,43,87,49%,8.43,3.74,3.74,3.77,3.69,3.8,3.97,4,3.66,3.69
Spring,2016,"SCHWARTZ, R. (co-taught)",BSC,3250,INTR COMPTNL BIOLGY,1,Lect,12,29,41%,7.5,4.33,4.67,4.42,4,4.33,4.17,4.75,4.25,4.17
Spring,2016,"MURPHY, R. (co-taught)",BSC,3250,INTR COMPTNL BIOLGY,1,Lect,12,29,41%,6.36,4.45,4.45,4.36,4.09,4.27,4.27,4.36,4.09,3.91
Spring,2015,"SCHWARTZ, R. (co-taught)",BSC,3250,INTR COMPTNL BIOLGY,1,Lect,19,41,46%,7.84,3.74,3.68,3.63,3.37,3.58,3.58,4.21,3.42,3.42
Spring,2015,"MURPHY, R. (co-taught)",BSC,3250,INTR COMPTNL BIOLGY,1,Lect,19,41,46%,8.32,4.05,3.79,4,3.63,3.84,3.79,4.11,3.89,3.58
Spring,2015,"MCMANUS, C. (co-taught)",BSC,3250,INTR COMPTNL BIOLGY,1,Lect,19,41,46%,7.84,3.89,3.68,3.79,3.58,3.68,3.74,4.11,3.79,3.53
Spring,2014,"SCHWARTZ, R. (co-taught)",BSC,3250,INTR COMPTNL BIOLGY,1,Lect,14,31,45%,9.71,3.71,3.79,3.5,3.29,3.36,3.29,4.36,3.36,3.21
Spring,2014,"MURPHY, R. (co-taught)",BSC,3250,INTR COMPTNL BIOLGY,1,Lect,14,31,45%,10.08,3.71,3.71,3.5,3.21,3.64,3.64,3.93,3.5,3.36
Spring,2014,VALENTIN ILYIN,BSC,3250,INTR COMPTNL BIOLGY,W,Lect,14,18,78%,12.54,3.71,3.29,3.36,3.46,3.71,3.14,4.36,3.21,3.29
Spring,2013,"SCHWARTZ, R. (co-taught)",BSC,3250,INTR COMPTNL BIOLGY,1,Lect,28,49,57%,7.29,3.61,4.07,3.86,3.11,3.5,3.61,4.36,3.46,3.04
Spring,2013,"MURPHY, R. (co-taught)",BSC,3250,INTR COMPTNL BIOLGY,1,Lect,28,49,57%,7.89,3.86,3.86,3.61,3.25,3.68,3.46,4.39,3.71,3
Spring,2013,VALENTIN ILYIN,BSC,3250,INTR COMPTNL BIOLGY,W,Lect,7,11,64%,12,3.29,3,2.71,2.71,3.29,2.71,3.57,3,3.14
Spring,2012,"SCHWARTZ, R. (co-taught)",BSC,3250,INTR COMPTNL BIOLGY,1,Lect,19,39,49%,6.67,4,4.33,4.17,3.61,4.11,4.28,4.56,4.11,3.83
Spring,2012,"MURPHY, R. (co-taught)",BSC,3250,INTR COMPTNL BIOLGY,1,Lect,19,39,49%,7.05,3.89,3.67,3.39,3.33,3.72,3.39,4.56,3.39,3
Spring,2015,"SCHWARTZ, R. (co-taught)",BSC,3251,INT CMPL MOLR BIOLGY,13,Lect,2,3,67%,3.5,4,4.5,4.5,3.5,5,5,5,4,3
Spring,2015,"MCMANUS, C. (co-taught)",BSC,3251,INT CMPL MOLR BIOLGY,13,Lect,2,3,67%,3.5,4.5,4.5,5,3.5,5,5,5,4.5,3.5
Spring,2014,RUSSELL SCHWARTZ,BSC,3251,INT CMPL MOLR BIOLGY,13,Lect,1,4,25%,5,3,3,3,2,2,2,3,2,2
Spring,2013,RUSSELL SCHWARTZ,BSC,3251,INT CMPL MOLR BIOLGY,13,Lect,2,9,22%,8,4,4.5,4,3.5,4,3.5,4,3,3
Spring,2012,RUSSELL SCHWARTZ,BSC,3251,INT CMPL MOLR BIOLGY,13,Lect,3,10,30%,6,4.33,4.33,4.67,3.67,4.67,5,5,4.33,4
Spring,2014,ROBERT MURPHY,BSC,3252,INT CMPTNL CELL BLGY,14,Lect,5,9,56%,6.8,4,4,3.8,3.2,3.4,3.8,4.2,3.6,3.6
Spring,2013,ROBERT MURPHY,BSC,3252,INT CMPTNL CL BLGY,14,Lect,2,10,20%,5,4,4.5,4.5,4,4,5,4.5,3.5,4
Spring,2012,ROBERT MURPHY,BSC,3252,INT CMPTNL CL BLGY,14,Lect,6,17,35%,7,3,2.83,3,3,3,3.33,3.33,3,2.83
Fall,2016,DANIEL BRASIER,BSC,3260,NEURO OF DISEASE,A,Lect,33,40,83%,7.64,4.97,4.97,4.88,4.82,4.94,4.94,4.97,4.94,4.91
Fall,2015,DANIEL BRASIER,BSC,3260,NEURO OF DISEASE,A,Lect,31,44,70%,7.6,4.93,4.87,4.77,4.71,4.94,4.87,4.94,4.87,4.87
Spring,2014,DANIEL BRASIER,BSC,3260,NEURO OF DISEASE,A,Lect,37,44,84%,6.58,4.86,4.73,4.69,4.53,4.76,4.71,4.97,4.81,4.75
Fall,2014,DANIEL BRASIER,BSC,3260,NEURO OF DISEASE,A,Lect,26,30,87%,6.8,4.81,4.73,4.69,4.81,4.76,4.81,4.85,4.85,4.85
Summer,2016,"RULE, G. (co-taught)",BSC,3270,SUMMER RESEARCH INST,A,Lect,9,9,100%,23.2,4.6,4,3.75,4.2,4.6,4.6,5,4.6,3.8
Summer,2016,"LOPEZ, A. (co-taught)",BSC,3270,SUMMER RESEARCH INST,A,Lect,9,9,100%,14.5,3,3,3,3,3,3,3,3,3
Summer,2016,"CAMPANARO, B. (co-taught)",BSC,3270,SUMMER RESEARCH INST,A,Lect,9,9,100%,24.89,4.67,4.56,4.67,4.56,4.67,4.67,4.56,4.67,4.22
Fall,2016,BECKI CAMPANARO,BSC,3301,UNDGRAD COLLQM JUNR,A,Lect,1,4,25%,2,5,5,5,5,5,5,5,5,5
Fall,2015,"BRAUN, M. (co-taught)",BSC,3301,UNDGRAD COLLQM JUNR,A,Lect,4,8,50%,2,4.75,4.75,4.75,4.5,4.5,4.75,4.75,4.75,4.5
Fall,2015,"CAMPANARO, B. (co-taught)",BSC,3301,UNDGRAD COLLQM JUNR,A,Lect,4,8,50%,2,4.5,4.75,4.75,4.5,4.5,4.5,4.25,4.5,4.25
Fall,2014,"BRAUN, M. (co-taught)",BSC,3301,UNDGRAD COLLQM JUNR,A,Lect,8,10,80%,2,4.75,4.75,4.75,4.38,4.63,4.63,4.63,4.63,4.5
Fall,2014,"SUBRAMANIAN, S. (co-taught)",BSC,3301,UNDGRAD COLLQM JUNR,A,Lect,8,10,80%,2,4.63,4.75,4.63,4.5,4.63,4.63,4.63,4.63,4.5
Spring,2011,"SCHWARTZ, R. (co-taught)",BSC,3310,INTRO COMPUT BIOLOGY,1,Lect,13,22,59%,5.92,3.85,4.08,3.92,3.69,4,3.77,4.31,3.77,3.69
Spring,2011,"MURPHY, R. (co-taught)",BSC,3310,INTRO COMPUT BIOLOGY,1,Lect,13,22,59%,6.25,4.23,4.15,4.23,3.77,4.31,4.31,4.38,4.08,4.08
Spring,2010,"SCHWARTZ, R. (co-taught)",BSC,3310,INTRO COMPUT BIOLOGY,1,Lect,11,21,52%,8.6,4.1,4.1,4.3,3.9,4.4,4.1,4.5,4,4
Spring,2010,"MURPHY, R. (co-taught)",BSC,3310,INTRO COMPUT BIOLOGY,1,Lect,11,21,52%,8.6,4.45,4.09,3.91,4.09,4.36,4,4.82,4.09,4.18
Spring,2011,RUSSELL SCHWARTZ,BSC,3311,INTRO CMPTL MLCR BIO,13,Lect,3,10,30%,6,4.33,4.33,4.33,3.33,4.67,4.33,5,4.33,4
Spring,2010,RUSSELL SCHWARTZ,BSC,3311,INTRO CMPTL MLCR BIO,13,Lect,2,6,33%,9.5,3.5,4,4.5,3.5,4.5,5,5,4,4
Spring,2011,ROBERT MURPHY,BSC,3312,INTRO COMPTNL CL BIO,14,Lect,6,17,35%,6.5,4.5,4.67,4.83,4.5,4.67,4.83,4.83,4.67,4.33
Spring,2010,ROBERT MURPHY,BSC,3312,INT COMP BIO MDL IMG,14,Lect,9,13,69%,5.67,3.44,3.33,3.22,2.89,3.89,3.11,4,3.11,2.78
Fall,2012,ERIC AHRENS,BSC,3315,MAGNETC RESONCE IMAG,A,Lect,6,12,50%,6.5,2.17,2.83,2.67,1.33,3.83,3.33,3,2.83,3
Fall,2011,ERIC AHRENS,BSC,3315,MAGNETC RESONCE IMAG,A,Lect,3,13,23%,6,4,3.67,4,3.33,4,3.67,4,3.67,3.67
Fall,2016,MANOJKUMAR PUTHENVEEDU,BSC,3320,CELL BIOLOGY,A,Lect,31,53,58%,8.93,4.55,4.42,4.45,4.03,4.39,4.45,4.71,4.33,4.29
Fall,2010,VERONICA HINMAN,BSC,3325,EVOLUTION,A,Lect,13,27,48%,5.92,3.92,3.85,3.92,3.77,4,3.77,4.46,3.69,3.54
Fall,2016,VERONICA HINMAN,BSC,3326,EVLN REGLTY GENOMICS,A1,Lect,4,6,67%,5,5,4.75,4.75,5,5,4.75,4.75,4.75,4.75
Fall,2012,VERONICA HINMAN,BSC,3326,EVLN REGLTY GENOMICS,A1,Lect,1,2,50%,8,5,5,5,5,5,5,5,5,5
Fall,2011,VERONICA HINMAN,BSC,3326,EVLN REGLTY GENOMICS,A1,Lect,5,12,42%,5.6,5,4,4,4.2,5,4.6,4.8,4.6,4.8
Fall,2015,M DURAND,BSC,3327,PHYLOGENETICS,A,Lect,2,2,100%,8,5,5,5,4.5,5,4.5,5,5,5
Fall,2013,M DURAND,BSC,3327,PHYLOGENETICS,A,Lect,3,5,60%,7,5,4,4.5,5,4.67,4.67,5,5,5
Fall,2012,M DURAND,BSC,3327,PHYLOGENETICS,A2,Lect,1,3,33%,8,3,4,4,4,4,4,4,3,4
Fall,2011,M DURAND,BSC,3327,PHYLOGENETICS,A2,Lect,8,18,44%,6.29,4.25,3.63,3.63,3.5,3.88,3.63,4.5,3.88,3.38
Fall,2016,IHAB YOUNIS,BSC,3330,GENETICS,W,Lect,15,18,83%,9.57,4.87,5,5,4.73,4.87,4.93,5,4.93,4.8
Fall,2015,"LOPEZ, A. (co-taught)",BSC,3330,GENETICS,1,Lect,69,73,95%,8.81,4.16,3.93,3.9,3.55,3.97,3.6,4.29,3.53,3.57
Fall,2015,"MCMANUS, C. (co-taught)",BSC,3330,GENETICS,1,Lect,69,73,95%,8.45,4.5,4.16,4.18,3.97,4.25,4.13,4.6,4.1,3.91
Fall,2015,"LOPEZ, A. (co-taught)",BSC,3330,GENETICS,2,Lect,61,62,98%,8,4.2,4.13,4.13,3.89,4.21,3.95,4.39,4,3.92
Fall,2015,"MCMANUS, C. (co-taught)",BSC,3330,GENETICS,2,Lect,61,62,98%,7.69,4.65,4.42,4.25,4.23,4.37,4.37,4.67,4.41,4.02
Fall,2015,IHAB YOUNIS,BSC,3330,GENETICS,W,Lect,15,18,83%,9.29,4.47,4.47,4.5,4.47,4.47,4.33,4.8,4.4,4.33
Fall,2014,"LOPEZ, A. (co-taught)",BSC,3330,GENETICS,1,Lect,69,69,100%,10.71,4.06,4.07,3.99,3.71,4.04,3.9,4.48,3.84,3.77
Fall,2014,"MITCHELL, A. (co-taught)",BSC,3330,GENETICS,1,Lect,69,69,100%,10.75,4.51,4.32,4.32,3.99,4.31,4.22,4.51,4.26,4.04
Fall,2014,"RULE, G. (co-taught)",BSC,3330,GENETICS,W,Lect,9,14,64%,10.38,4.25,4.13,3.88,4,4,4,4.63,4.5,2.25
Fall,2014,"ILYIN, V. (co-taught)",BSC,3330,GENETICS,W,Lect,9,14,64%,10.67,4,3.22,3.33,3.44,3.33,2.44,4.22,3,2
Spring,2013,JONATHAN FINKEL,BSC,3330,GENETICS,W,Lect,2,3,67%,14,5,5,5,4.5,5,5,5,4.5,4.5
Fall,2013,"LOPEZ, A. (co-taught)",BSC,3330,GENETICS,1,Lect,8,22,36%,8,4,3.63,3.63,3.13,3.63,3.5,4.13,3.25,3.13
Fall,2013,"MITCHELL, A. (co-taught)",BSC,3330,GENETICS,1,Lect,8,22,36%,8,3.29,3.25,3.25,3.13,3.38,3,3.75,3.25,2.75
Fall,2013,"LOPEZ, A. (co-taught)",BSC,3330,GENETICS,2,Lect,13,36,36%,9.46,3.5,3.38,3.38,3.23,3.69,2.92,4.38,2.85,2.85
Fall,2013,"MITCHELL, A. (co-taught)",BSC,3330,GENETICS,2,Lect,13,36,36%,9.58,4.15,3.69,3.62,3.69,4.15,3.62,4.38,3.69,3.15
Fall,2013,"LOPEZ, A. (co-taught)",BSC,3330,GENETICS,A,Lect,7,36,19%,13,3.57,3.29,3.29,3.29,3.86,3.29,4.29,3.14,3.14
Fall,2013,"MITCHELL, A. (co-taught)",BSC,3330,GENETICS,A,Lect,7,36,19%,12,3.86,3.71,3.71,3.43,3.86,3.71,4.43,3.71,3.29
Fall,2013,"LOPEZ, A. (co-taught)",BSC,3330,GENETICS,C,Lect,4,22,18%,7.25,3.5,4,3.75,3.5,3.5,3.25,4,3.5,3.5
Fall,2013,"MITCHELL, A. (co-taught)",BSC,3330,GENETICS,C,Lect,4,22,18%,7.25,3.75,4,4,3.75,4,3.75,4.5,3.75,3.5
Fall,2013,JONATHAN FINKEL,BSC,3330,GENETICS,W,Lect,5,5,100%,14.2,5,4.6,4.8,4.8,5,4.8,4.8,4.8,4.8
Spring,2012,JONATHAN FINKEL,BSC,3330,GENETICS,W,Lect,4,7,57%,8,5,5,4.5,4.5,4.75,4.25,5,4.5,4.25
Fall,2012,"LOPEZ, A. (co-taught)",BSC,3330,GENETICS,1,Lect,12,25,48%,8.25,4.33,4.17,4.17,4.25,4.25,4.08,4.67,4.17,4.08
Fall,2012,"MITCHELL, A. (co-taught)",BSC,3330,GENETICS,1,Lect,12,25,48%,8,4.75,4.25,4.25,4.33,4.08,4.33,4.67,4.33,4.17
Fall,2012,"LOPEZ, A. (co-taught)",BSC,3330,GENETICS,2,Lect,18,44,41%,8,4,4.06,4.22,4,4.5,4.11,4.67,4.06,4
Fall,2012,"MITCHELL, A. (co-taught)",BSC,3330,GENETICS,2,Lect,18,44,41%,8,4.72,4.67,4.72,4.39,4.5,4.56,4.61,4.56,4.17
Fall,2011,"LOPEZ, A. (co-taught)",BSC,3330,GENETICS,1,Lect,20,38,53%,8.15,4.1,3.9,4,3.4,4.05,3.7,4.35,3.68,3.8
Fall,2011,"MITCHELL, A. (co-taught)",BSC,3330,GENETICS,1,Lect,20,38,53%,8.15,4.2,4.15,4.16,3.75,4.1,4.1,3.9,3.85,3.9
Fall,2011,"LOPEZ, A. (co-taught)",BSC,3330,GENETICS,2,Lect,24,52,46%,8.65,3.83,3.83,3.54,3.54,3.75,3.5,4,3.46,3.79
Fall,2011,"MITCHELL, A. (co-taught)",BSC,3330,GENETICS,2,Lect,24,52,46%,8.14,4.46,4.42,4.46,4.17,4.21,4.54,4.5,4.42,4.13
Fall,2010,"LOPEZ, A. (co-taught)",BSC,3330,GENETICS,1,Lect,32,36,89%,7.34,4.06,3.97,4,3.71,4.06,3.75,4.44,3.69,3.72
Fall,2010,"MITCHELL, A. (co-taught)",BSC,3330,GENETICS,1,Lect,32,36,89%,7.23,4.5,4.38,4.22,4.19,4.39,4.16,4.28,4.16,3.84
Fall,2010,"LOPEZ, A. (co-taught)",BSC,3330,GENETICS,2,Lect,45,52,87%,7.18,4.07,3.89,3.91,3.51,3.98,3.69,4.56,3.64,3.64
Fall,2010,"MITCHELL, A. (co-taught)",BSC,3330,GENETICS,2,Lect,45,52,87%,7.25,4.56,4.42,4.44,4.13,4.4,4.24,4.31,4.24,3.98
Fall,2016,"DOONAN, C. (co-taught)",BSC,3343,EXP TECHN MOL BIOLGY,1,Lect,28,49,57%,20.93,4.18,3.54,3.75,3.71,3.89,3.96,3.96,3.64,3.21
Fall,2016,"DRILL, E. (co-taught)",BSC,3343,EXP TECHN MOL BIOLGY,1,Lect,28,49,57%,21.19,4.32,3.79,3.86,4,4.04,4.11,4.46,4,3.43
Fall,2016,ANNETTE VINCENT,BSC,3343,EXP TECHN MOL BIOLGY,W,Lect,7,9,78%,21.43,4.86,4.71,4.57,4.29,4.71,4.71,5,4.71,4.29
Fall,2015,"DOONAN, C. (co-taught)",BSC,3343,EXP TECHN MOL BIOLGY,1,Lect,39,58,67%,16.34,4.67,4.51,4.66,4.39,4.61,4.53,4.53,4.53,4.42
Fall,2015,"DRILL, E. (co-taught)",BSC,3343,EXP TECHN MOL BIOLGY,1,Lect,39,58,67%,16.19,4.68,4.58,4.63,4.47,4.57,4.58,4.76,4.58,4.45
Fall,2015,ANNETTE VINCENT,BSC,3343,EXP TECHN MOL BIOLGY,W,Lect,12,16,75%,22,4.58,4.33,4.58,4.08,4.42,4.75,4.5,4.67,4.42
Fall,2014,"DOONAN, C. (co-taught)",BSC,3343,EXP TECHN MOL BIOLGY,1,Lect,35,53,66%,18.43,4.51,4.31,4.4,4.26,4.34,4.34,4.09,4.31,4
Fall,2014,"DRILL, E. (co-taught)",BSC,3343,EXP TECHN MOL BIOLGY,1,Lect,35,53,66%,18.06,4.32,4.26,4.18,4.18,4.18,4.15,4.38,4.24,4
Fall,2014,EMILY DRILL,BSC,3343,EXP TECHN MOL BIOLGY,C,Lect,9,20,45%,15.22,4.56,4.33,4.33,4.11,4.56,4.56,4.78,4.67,4.11
Fall,2014,ANNETTE VINCENT,BSC,3343,EXP TECHN MOL BIOLGY,W,Lect,10,14,71%,21.25,4.4,4.1,4.4,4.2,4.2,4.4,4.33,4.56,4.1
Fall,2013,"DOONAN, C. (co-taught)",BSC,3343,EXP TECHN MOL BIOLGY,1,Lect,16,44,36%,18.13,4.81,4.56,4.63,4.31,4.44,4.69,4.69,4.56,4.19
Fall,2013,"DRILL, E. (co-taught)",BSC,3343,EXP TECHN MOL BIOLGY,1,Lect,16,44,36%,16.45,4.33,4.25,4.33,4.36,4.45,4.45,4.33,4.17,4.09
Fall,2013,CARRIE DOONAN,BSC,3343,EXP TECHN MOL BIOLGY,A,Lect,4,17,24%,17.25,5,5,5,4.75,5,5,5,5,5
Fall,2013,CARRIE DOONAN,BSC,3343,EXP TECHN MOL BIOLGY,B,Lect,6,14,43%,20,4.5,4,4,3.83,3.83,4.33,4.33,4,3.67
Fall,2013,EMILY DRILL,BSC,3343,EXP TECHN MOL BIOLGY,C,Lect,1,10,10%,14,5,5,5,5,5,5,5,5,5
Fall,2013,ANNETTE VINCENT,BSC,3343,EXPTECHNMOLBIOLGY,W,Lect,1,4,25%,24,5,5,5,4,5,5,5,5,5
Fall,2012,"DOONAN, C. (co-taught)",BSC,3343,EXP TECHN MOL BIOLGY,1,Lect,24,55,44%,13.88,4.79,4.46,4.71,4.57,4.58,4.75,4.58,4.58,4.38
Fall,2012,"DRILL, E. (co-taught)",BSC,3343,EXP TECHN MOL BIOLGY,1,Lect,24,55,44%,13.71,4.5,4.35,4.45,4.45,4.45,4.5,4.7,4.5,4.45
Fall,2011,"DOONAN, C. (co-taught)",BSC,3343,EXP TECHN MOL BIOLGY,1,Lect,31,71,44%,12.94,4.87,4.68,4.81,4.68,4.71,4.74,4.74,4.77,4.71
Fall,2011,"DIPRIMIO, N. (co-taught)",BSC,3343,EXP TECHN MOL BIOLGY,1,Lect,31,71,44%,13.16,4.8,4.56,4.68,4.68,4.64,4.72,4.68,4.72,4.72
Fall,2010,CARRIE DOONAN,BSC,3343,EXP TECHN MOL BIOLGY,1,Lect,25,68,37%,13.04,4.68,4.6,4.64,4.48,4.6,4.72,4.8,4.6,4.44
Fall,2010,CARRIE DOONAN,BSC,3343,EXP TECHN MOL BIOLGY,A,Lect,9,21,43%,12,4.78,4.67,4.78,4.56,4.78,4.89,4.89,4.89,4.33
Fall,2010,CARRIE DOONAN,BSC,3343,EXP TECHN MOL BIOLGY,B,Lect,3,10,30%,13,5,5,5,5,5,4.67,5,5,5
Fall,2010,NINA DIPRIMIO,BSC,3343,EXP TECHN MOL BIOLGY,C,Lect,2,16,13%,14,5,4.5,4.5,4.5,5,4.5,5,4.5,4.5
Fall,2010,NINA DIPRIMIO,BSC,3343,EXP TECHN MOL BIOLGY,D,Lect,3,9,33%,13,4.33,4,4,4,4.33,4.33,4.33,4.33,4.33
Fall,2010,LINDA VISOMIRSKI-ROBIC,BSC,3343,EXP TECHN MOL BIOLGY,E,Lect,5,12,42%,13.4,4.8,4,4,4.2,3.8,4.2,4.6,4.4,4.4
Spring,2016,"DOONAN, C. (co-taught)",BSC,3344,EXPERMNTL BIOCHEMTRY,1,Lect,20,36,56%,16.7,4.7,4.45,4.55,4.6,4.7,4.65,4.5,4.55,4.47
Spring,2016,"DRILL, E. (co-taught)",BSC,3344,EXPERMNTL BIOCHEMTRY,1,Lect,20,36,56%,16.55,4.7,4.7,4.75,4.75,4.75,4.8,4.75,4.65,4.55
Spring,2016,"VINCENT, A. (co-taught)",BSC,3344,EXPERMNTL BIOCHEMTRY,W,Lect,9,14,64%,16.67,5,4.89,5,4.78,4.89,5,4.78,4.89,4.67
Spring,2016,"YOUNIS, I. (co-taught)",BSC,3344,EXPERMNTL BIOCHEMTRY,W,Lect,9,14,64%,14.11,4.78,4.33,4.56,4.89,4.67,4.56,4.89,4.44,4.67
Spring,2015,CARRIE DOONAN,BSC,3344,EXPERMNTL BIOCHEMTRY,1,Lect,10,21,48%,17.22,5,5,5,5,5,5,4.9,5,5
Spring,2015,ANNETTE VINCENT,BSC,3344,EXPERMNTL BIOCHEMTRY,W,Lect,11,15,73%,16.18,4.73,4.64,4.73,4.55,4.73,4.82,4.8,4.64,4.55
Spring,2014,CARRIE DOONAN,BSC,3344,EXPERMNTL BIOCHEMTRY,1,Lect,17,39,44%,18.18,4.76,4.35,4.59,4.41,4.59,4.59,4.76,4.59,4.47
Spring,2014,ANNETTE VINCENT,BSC,3344,EXPERMNTL BIOCHEMTRY,W,Lect,2,3,67%,20.5,5,5,5,5,5,5,5,5,5
Spring,2013,CARRIE DOONAN,BSC,3344,EXPERMNTL BIOCHEMTRY,1,Lect,20,35,57%,17.74,4.95,4.75,4.75,4.95,4.95,4.85,4.85,4.85,4.8
Spring,2013,ANNETTE VINCENT,BSC,3344,EXPERMNTL BIOCHEMTRY,W,Lect,4,6,67%,12,5,4,4,4.25,4.25,4.75,3.75,4.5,4
Spring,2012,CARRIE DOONAN,BSC,3344,EXPERMNTL BIOCHEMTRY,1,Lect,24,57,42%,13.45,4.96,4.39,4.52,4.3,4.7,4.57,4.87,4.74,4.45
Spring,2011,CARRIE DOONAN,BSC,3344,EXPERMNTL BIOCHEMTRY,1,Lect,21,44,48%,13.29,4.86,4.48,4.57,4.48,4.62,4.57,4.76,4.71,4.57
Spring,2010,CARRIE DOONAN,BSC,3344,EXPERMNTL BIOCHEMTRY,1,Lect,21,44,48%,13.29,4.81,3.9,4.24,4.25,4.24,4.14,4.4,4.05,3.81
Spring,2016,EMILY DRILL,BSC,3345,EXPER CEL DEV BIOLGY,A,Lect,6,7,86%,17.5,4.67,4.33,4.33,4.33,4.67,4.83,4.67,4.5,4.33
Spring,2013,EMILY DRILL,BSC,3345,EXPER CEL DEV BIOLGY,1,Lect,3,5,60%,19.67,5,4.33,4.33,4.67,4.67,4.67,5,5,4
Spring,2011,NINA DIPRIMIO,BSC,3345,EXPER CEL DEV BIOLGY,1,Lect,8,15,53%,12.88,4.63,4.75,4.75,4.5,4.75,4.75,5,4.75,4.75
Spring,2015,EMILY DRILL,BSC,3346,EXPER NEUROSCIENCE,1,Lect,10,16,63%,16.1,4.9,4.2,4.7,4.3,4.4,4.4,5,4.5,4.44
Spring,2016,CHARLES ETTENSOHN,BSC,3350,DEVELOPMNTL BIOLOGY,A,Lect,7,12,58%,6.71,4.86,4.71,4.71,4.71,4.86,4.86,4.86,4.86,4.86
Fall,2016,MOHAMED BOUAOUINA,BSC,3350,DEVELOPMNTL BIOLOGY,W,Lect,1,2,50%,8,5,5,5,5,5,5,5,5,5
Spring,2015,CHARLES ETTENSOHN,BSC,3350,DEVELOPMNTL BIOLOGY,A,Lect,8,13,62%,8,4.25,4.25,4.13,4.25,4.38,4.38,4.63,4.38,4.38
Fall,2015,MOHAMED BOUAOUINA,BSC,3350,DEVELOPMNTL BIOLOGY,W,Lect,14,18,78%,9.07,4.64,4.64,4.64,4.29,4.5,4.5,4.71,4.5,4.57
Spring,2014,CHARLES ETTENSOHN,BSC,3350,DEVELOPMNTL BIOLOGY,A,Lect,12,17,71%,7.5,3.33,3.58,3.83,3.18,3.82,4.18,3.91,3.82,3.64
Spring,2013,CHARLES ETTENSOHN,BSC,3350,DEVELOPMNTL BIOLOGY,A,Lect,9,20,45%,7.33,5,5,5,4.89,5,5,5,5,5
Spring,2012,BROOKE MCCARTNEY,BSC,3350,DEVELOPMNTL BIOLOGY,A,Lect,9,19,47%,8.75,4.33,4.38,4.63,4,4.5,4.88,4.63,4.63,4.5
Spring,2011,BROOKE MCCARTNEY,BSC,3350,DEVELOPMNTL BIOLOGY,A,Lect,16,34,47%,7.44,4,4.13,4.13,3.56,4.31,4.44,4.31,4.13,4.25
Spring,2010,BROOKE MCCARTNEY,BSC,3350,DEVELOPMNTL BIOLOGY,A,Lect,15,24,63%,8,4.2,4.27,4.33,3.73,4.53,4.53,4.6,4.27,4.13
Spring,2016,ANNETTE VINCENT,BSC,3355,STEM CELL ENGINEERNG,W,Lect,2,5,40%,9.5,5,5,5,5,5,5,5,5,5
Fall,2016,ARYN GITTIS,BSC,3362,CELLULAR NEUROSCIENC,A,Lect,34,44,77%,7.27,4.41,4.15,4.18,3.82,4.29,4.18,4.38,4.06,4.09
Spring,2015,KEN HOVIS,BSC,3362,CELLULAR NEUROSCIENC,W,Lect,16,23,70%,9.94,4.44,4.56,4.5,4.06,4.56,4.25,4.81,3.94,4
Fall,2015,ARYN GITTIS,BSC,3362,CELLULAR NEUROSCIENC,A,Lect,31,32,97%,6.9,4.1,4.1,3.87,3.35,4,3.8,4.19,3.52,3.61
Spring,2014,ALISON BARTH,BSC,3362,CELLULAR NEUROSCIENC,A,Lect,17,26,65%,7.29,4.47,3.47,3.88,3.59,4,3.35,3.94,3.41,3.41
Fall,2014,ARYN GITTIS,BSC,3362,CELLULAR NEUROSCIENC,A,Lect,23,31,74%,7.35,4.39,4.26,4.13,3.74,4.36,4.18,4.52,4.32,4.09
Spring,2013,ALISON BARTH,BSC,3362,CELLULAR NEUROSCIENC,A,Lect,16,32,50%,7.44,4.44,3.5,3.56,3.5,4.38,3.75,4.44,3.69,3.5
Spring,2012,ALISON BARTH,BSC,3362,CELLULAR NEUROSCIENC,A,Lect,21,45,47%,6.65,4.14,3.48,3.71,3.55,4.33,3.95,4.1,3.86,3.62
Fall,2010,NATHANIEL URBAN,BSC,3362,CELLULAR NEUROSCIENC,A,Lect,19,47,40%,5.95,3.68,3.74,3.84,2.79,4.26,3.84,4.58,3.63,3.63
Spring,2016,SHANNA BOWMAN,BSC,3363,SYSTEMS NEUROSCIENCE,A,Lect,36,48,75%,7.42,4.94,4.86,4.81,4.86,4.86,4.83,4.89,4.78,4.72
Spring,2015,DANIEL BRASIER,BSC,3363,SYSTEMS NEUROSCIENCE,A,Lect,67,72,93%,7.24,4.87,4.64,4.61,4.64,4.63,4.58,4.9,4.61,4.55
Fall,2015,KEN HOVIS,BSC,3363,SYSTEMS NEUROSCIENCE,W,Lect,5,10,50%,13,4.6,4.8,4.6,4.4,4.2,4.6,4.4,4.4,4.4
Spring,2013,KEN HOVIS,BSC,3363,SYSTEMS NEUROSCIENCE,W,Lect,2,3,67%,12.5,5,5,5,4.5,5,5,5,5,5
Fall,2013,DANIEL BRASIER,BSC,3363,SYSTEMS NEUROSCIENCE,A,Lect,49,67,73%,7.14,4.9,4.78,4.69,4.61,4.69,4.69,4.9,4.67,4.67
Spring,2012,KEN HOVIS,BSC,3363,SYSTEMS NEUROSCIENCE,W,Lect,4,9,44%,8,5,4.5,4.5,4.5,4.5,5,5,5,4.5
Fall,2012,DANIEL BRASIER,BSC,3363,SYSTEMS NEUROSCIENCE,A,Lect,23,33,70%,6.43,4.78,4.78,4.74,4.65,4.74,4.83,4.91,4.74,4.65
Spring,2011,KEN HOVIS,BSC,3363,SYSTEMS NEUROSCIENCE,A,Lect,22,40,55%,6.23,4.27,4.27,4.41,3.91,4.5,4.41,4.68,4.23,4.43
Fall,2011,NATHANIEL URBAN,BSC,3363,SYSTEMS NEUROSCIENCE,A,Lect,21,55,38%,6.57,3.95,3.9,3.95,3.33,4.14,3.67,4.38,3.62,3.71
Spring,2010,JUSTIN CROWLEY,BSC,3363,SYSTEMS NEUROSCIENCE,A,Lect,11,19,58%,6.09,4.36,4.18,4.55,4.18,4.55,4.36,4.82,4.27,4.55
Spring,2016,"BRASIER, D. (co-taught)",BSC,3365,NEURAL CORR. LRN MEM,A,Lect,18,18,100%,6.67,4.72,4.22,4.22,4.44,4.61,4.44,4.89,4.5,3.89
Spring,2016,"KUHLMAN, S. (co-taught)",BSC,3365,NEURAL CORR. LRN MEM,A,Lect,18,18,100%,6.76,4.33,3.56,3.56,3.61,4.11,3.83,4.39,3.56,3.61
Fall,2016,DANIEL BRASIER,BSC,3366,BIOCHEM OF THE BRAIN,A,Lect,10,11,91%,7.4,5,4.8,4.6,4.8,4.7,4.8,5,4.8,4.5
Spring,2016,"WAGGONER, A. (co-taught)",BSC,3370,PRINC OF BIOTECH,A,Lect,2,3,67%,3.5,3.5,3.5,3.5,4,4.5,4.5,5,3.5,3.5
Spring,2016,"BRUCHEZ, M. (co-taught)",BSC,3370,PRINC OF BIOTECH,A,Lect,2,3,67%,3.5,4,3.5,3.5,3.5,4.5,3.5,4.5,3.5,3.5
Spring,2014,MARCEL BRUCHEZ,BSC,3370,PRINC OF BIOTECH,A,Lect,3,4,75%,4,4.67,4,4,4.67,4,3.67,5,4,3.67
Fall,2016,IHAB YOUNIS,BSC,3380,VIROLOGY,W,Lect,6,8,75%,9.67,5,5,5,5,5,5,5,5,5
Fall,2012,JAMES WILLIAMS,BSC,3380,VIROLOGY,A,Lect,8,16,50%,6.71,4.75,4,3.63,4.25,4.5,4.13,5,4,4
Fall,2011,JAMES WILLIAMS,BSC,3380,VIROLOGY,A,Lect,10,18,56%,7.67,4.4,4.2,4,4.2,4.4,4.1,4.6,4.2,3.9
Fall,2010,JAMES WILLIAMS,BSC,3380,VIROLOGY,A,Lect,13,14,93%,6.38,4.31,4,4.08,4.08,3.92,3.69,4.62,3.85,4
Spring,2016,GORDON RULE,BSC,3390,MOLECULAR CELL IMMUN,A,Lect,14,32,44%,8.64,4.93,4.93,4.93,4.86,4.93,5,5,5,4.93
Fall,2016,GORDON RULE,BSC,3390,MOLECULAR CELL IMMUN,W,Lect,14,20,70%,8.92,4.93,4.93,4.93,4.86,4.93,4.86,4.93,5,5
Spring,2015,"RULE, G. (co-taught)",BSC,3390,MOLECULAR CELL IMMUN,A,Lect,12,34,35%,7.5,5,5,4.92,4.5,5,4.92,4.83,4.83,4.75
Spring,2015,"DANTONIO, J. (co-taught)",BSC,3390,MOLECULAR CELL IMMUN,A,Lect,12,34,35%,6.91,4.83,4.5,4.67,4.42,4.83,4.58,4.83,4.42,4.75
Spring,2014,GORDON RULE,BSC,3390,MOLECULAR CELL IMMUN,A,Lect,14,27,52%,7.79,4.79,4.79,4.79,4.5,4.71,4.79,4.79,4.71,4.79
Fall,2014,GORDON RULE,BSC,3390,MOLECULAR CELL IMMUN,W,Lect,9,16,56%,8,4.67,4.67,4.67,4.67,4.78,4.78,4.89,4.67,4.56
Spring,2013,GORDON RULE,BSC,3390,MOLECULAR CELL IMMUN,A,Lect,14,33,42%,9.29,5,4.93,4.79,4,5,4.86,5,4.93,4.64
Spring,2012,GORDON RULE,BSC,3390,MOLECULAR CELL IMMUN,A,Lect,26,54,48%,6.8,4.69,4.62,4.69,4.31,4.69,4.77,4.85,4.73,4.65
Fall,2012,GORDON RULE,BSC,3390,MOLECULAR CELL IMMUN,W,Lect,6,7,86%,6.2,5,4.83,4.83,4.33,4.67,4.67,5,4.83,4.67
Spring,2011,GORDON RULE,BSC,3390,MOLECULAR CELL IMMUN,A,Lect,34,63,54%,5.94,4.91,4.88,4.79,4.79,4.94,4.94,4.97,4.94,4.94
Spring,2010,GORDON RULE,BSC,3390,MOLECULAR CELL IMMUN,A,Lect,40,73,55%,6.65,4.77,4.78,4.82,4.63,4.93,4.93,4.93,4.95,4.8
Spring,2016,NATALIA HILLER,BSC,3391,MICROBIOLOGY,A,Lect,4,10,40%,7.25,5,5,5,4.75,5,5,5,5,5
Spring,2015,"MITCHELL, A. (co-taught)",BSC,3391,MICROBIOLOGY,A,Lect,11,16,69%,6.36,4.73,4.45,4.55,4.73,4.73,4.64,4.55,4.64,4.36
Spring,2015,"HILLER, N. (co-taught)",BSC,3391,MICROBIOLOGY,A,Lect,11,16,69%,6.64,4.91,4.64,4.55,4.73,4.73,4.55,4.82,4.64,4.55
Spring,2014,"MITCHELL, A. (co-taught)",BSC,3391,MICROBIOLOGY,A,Lect,8,17,47%,6.5,5,4.88,4.63,4.63,4.88,4.75,5,4.63,4.63
Spring,2014,"EVILEVITCH, A. (co-taught)",BSC,3391,MICROBIOLOGY,A,Lect,8,17,47%,6.88,4.38,3.88,4,3.5,4.5,3.88,4.75,3.5,3.63
Spring,2014,"HILLER, N. (co-taught)",BSC,3391,MICROBIOLOGY,A,Lect,8,17,47%,6.5,4.5,4.63,4.63,4.63,4.75,4.5,4.88,4.63,4.5
Spring,2013,"WILLIAMS, J. (co-taught)",BSC,3391,MCR BIOPYC MLC BIO,A,Lect,6,8,75%,5.5,4.67,4.5,4.33,4,4.83,4.67,5,4.5,4.5
Spring,2013,"MITCHELL, A. (co-taught)",BSC,3391,MCR BIOPYC MLC BIO,A,Lect,6,8,75%,6,5,4.83,4.83,5,4.83,5,5,5,5
Spring,2013,"EVILEVITCH, A. (co-taught)",BSC,3391,MCR BIOPYC MLC BIO,A,Lect,6,8,75%,6.5,5,4.67,4.67,4.5,4.83,4.67,5,5,5
Spring,2012,"WILLIAMS, J. (co-taught)",BSC,3391,MCRBIO BIOPHY MOLC,A,Lect,14,20,70%,5,3.21,2.57,3,2.5,3.5,2.79,3.93,2.79,3.07
Spring,2012,"MITCHELL, A. (co-taught)",BSC,3391,MCRBIO BIOPHY MOLC,A,Lect,14,20,70%,7.08,4.67,4.62,4.69,4.62,4.69,4.69,4.77,4.62,4.54
Spring,2012,"EVILEVITCH, A. (co-taught)",BSC,3391,MCRBIO BIOPHY MOLC,A,Lect,14,20,70%,6.62,4.31,4.23,4.31,4.15,4.46,4.38,4.46,4.38,4.38
Spring,2011,"WILLIAMS, J. (co-taught)",BSC,3391,MCRBIO BIOPHY MOLC,A,Lect,18,18,100%,4,3.83,3.22,3.39,2.56,3.61,3.28,4.5,3,3.11
Spring,2011,"MITCHELL, A. (co-taught)",BSC,3391,MCRBIO BIOPHY MOLC,A,Lect,18,18,100%,6,4.78,4.5,4.33,4.5,4.5,4.44,4.67,4.5,4.17
Spring,2011,"EVILEVITCH, A. (co-taught)",BSC,3391,MCRBIO BIOPHY MOLC,A,Lect,18,18,100%,3.67,4.28,3.78,3.61,3.11,4.17,4.28,4.53,3.94,3.76
Spring,2010,MICHAEL DOMACH,BSC,3391,INTRO MICROBIOLOGY,A,Lect,9,19,47%,4.33,4.22,2.78,3,3.89,3.89,3.56,4.56,3.33,3
Spring,2015,LINDA VISOMIRSKI-ROBIC,BSC,3392,MICROBIOLOGY LAB,A4,Lect,1,2,50%,14,5,5,5,5,5,5,5,5,5
Spring,2014,LINDA VISOMIRSKI-ROBIC,BSC,3392,MICROBIOLOGY LAB,A4,Lect,1,2,50%,11,5,5,4,5,4,5,5,5,4
Spring,2012,LINDA VISOMIRSKI-ROBIC,BSC,3392,MICROBIOLOGY LAB,A4,Lect,3,5,60%,7,4.33,4.67,4.33,4.33,4.33,4,4.67,4.33,4.33
Spring,2011,LINDA VISOMIRSKI-ROBIC,BSC,3392,MICROBIOLOGY LAB,A4,Lect,5,7,71%,11.6,4.2,4,4,4,3.8,4,4.4,3.8,3.6
Spring,2010,CHRISTOPHER BORYSENKO,BSC,3392,MICROBIOLOGY LAB,A4,Lect,2,8,25%,3.5,3,3,3.5,3,3,3,4.5,3,3
Fall,2016,BECKI CAMPANARO,BSC,3401,UNDGRAD COLLQM SENRS,A,Lect,1,3,33%,2,3,3,3,3,3,3,3,3,3
Fall,2015,"BRAUN, M. (co-taught)",BSC,3401,UNDGRAD COLLQM SENRS,A,Lect,3,8,38%,2,4.67,4.67,4.67,4.67,4.67,4.67,4.67,4.67,4.67
Fall,2015,"CAMPANARO, B. (co-taught)",BSC,3401,UNDGRAD COLLQM SENRS,A,Lect,3,8,38%,2,4.67,4.67,4.67,4.67,4.67,4.67,4.67,4.67,4.67
Fall,2014,"BRAUN, M. (co-taught)",BSC,3401,UNDGRAD COLLQM SENRS,A,Lect,2,6,33%,2,4.5,4.5,4.5,4.5,4.5,4.5,4.5,4.5,4.5
Fall,2014,"SUBRAMANIAN, S. (co-taught)",BSC,3401,UNDGRAD COLLQM SENRS,A,Lect,2,6,33%,2,4.5,4.5,4.5,4.5,4.5,4.5,4.5,4.5,4.5
Spring,2015,ANNETTE VINCENT,BSC,3409,SPECIAL TOPICS,W,Lect,8,14,57%,8.38,4.88,4.88,4.88,4.88,4.75,4.88,4.88,4.88,4.88
Fall,2014,MOHAMED BOUAOUINA,BSC,3409,SP TPC: DVLPMNTL BIO,W2,Lect,7,9,78%,9.29,4,4,4,3,3.57,3.57,4.43,3.43,3.29
Spring,2016,DANIEL BRASIER,BSC,3410,SP TPCS IN BIOLOGY,A3,Lect,8,8,100%,6.5,4.88,4.38,4.5,4.88,4.63,4.63,5,4.75,4.25
Fall,2016,AARON MITCHELL,BSC,3410,SP TPCS IN BIOLOGY,A2,Lect,12,13,92%,4,4.83,4.75,4.75,4.5,4.92,4.5,4.58,4.42,4.58
Spring,2015,SANDRA KUHLMAN,BSC,3410,SP TPCS IN BIOLOGY,A3,Lect,3,3,100%,6,5,5,5,5,5,5,5,5,5
Fall,2015,JASON DANTONIO,BSC,3410,SP TPCS IN BIOLOGY,A,Lect,7,12,58%,6.29,5,4.86,5,5,5,5,5,5,5
Spring,2014,SANDRA KUHLMAN,BSC,3410,SP TPCS IN BIOLOGY,A3,Lect,5,10,50%,5.75,5,4.4,4.4,4.6,4.6,4.2,5,4.6,4.4
Spring,2013,DANIEL BRASIER,BSC,3410,SP TPCS IN BIOLOGY,A,Lect,50,65,77%,6.41,4.84,4.66,4.63,4.48,4.73,4.66,4.96,4.72,4.68
Spring,2012,APRIL CONKEY,BSC,3410,SP TPCS IN BIOLOGY,W,Lect,6,23,26%,8,3.17,3,3.17,2.83,3.17,3.17,3.83,3,2.83
Fall,2012,GORDON RULE,BSC,3410,SP TPCS IN BIOLOGY,W,Lect,8,8,100%,5.5,4.88,4.75,4.75,4.75,4.75,4.88,4.88,4.88,4.88
Spring,2011,"WOOLFORD, J. (co-taught)",BSC,3410,SPECIAL TOPICS,B,Lect,5,6,83%,5.6,5,4.8,4.8,4.6,5,5,5,5,5
Spring,2011,"MITCHELL, A. (co-taught)",BSC,3410,SPECIAL TOPICS,B,Lect,5,6,83%,5.6,5,4.8,4.8,4.6,5,4.8,5,5,5
Fall,2011,AARON MITCHELL,BSC,3410,SP TPCS IN BIOLOGY,A,Lect,6,6,100%,5.5,5,4.83,4.83,4.33,4.83,5,5,5,5
Fall,2011,APRIL CONKEY,BSC,3410,SP TPCS IN BIOLOGY,W,Lect,11,22,50%,6.64,4.64,4.5,4.45,4.64,4.55,4.55,4.73,4.36,4.18
Summer,2010,PETER BERGET,BSC,3410,GENES & DISEASES,W,Lect,1,6,17%,5,4,5,3,5,4,5,4,4,5
Spring,2010,APRIL CONKEY,BSC,3410,DVLPNL NEURSC AT PIT,W,Lect,2,6,33%,6.5,4.5,4.5,4.5,4.5,4.5,4.5,4.5,4.5,4.5
Fall,2010,APRIL CONKEY,BSC,3410,SPECIAL TOPICS,W,Lect,1,15,7%,5,5,5,5,4,5,5,5,4,5
Spring,2016,MOHAMED BOUAOUINA,BSC,3412,TOPICS IN RESEARCH,W,Lect,4,7,57%,2,5,5,5,5,5,5,5,5,5
Fall,2016,JASON DANTONIO,BSC,3435,CANCER BIOLOGY,A,Lect,16,20,80%,7.8,4.63,4.69,4.56,4.5,4.88,4.69,4.44,4.63,4.75
Fall,2014,P. LOESCHE,BSC,3439,INTRO TO BIOPHYSICS,A,Lect,1,2,50%,8,4,3,3,4,5,3,3,3,4
Fall,2013,P. LOESCHE,BSC,3439,INTRO TO BIOPHYSICS,A,Lect,2,4,50%,8,4,3.5,4,3.5,4.5,4.5,4.5,4.5,4
Fall,2012,P. LOESCHE,BSC,3439,INTRO TO BIOPHYSICS,A,Lect,2,2,100%,8,4.5,3.5,4,4,4.5,4.5,4.5,4.5,4.5
Fall,2010,JOHN NAGLE,BSC,3439,INTRO TO BIOPHYSICS,A,Lect,4,4,100%,6.5,4.75,3.25,4.5,4.5,4.5,4.5,4.75,4.5,4.5
Spring,2016,IHAB YOUNIS,BSC,3442,MOLECULAR BIOLOGY,W,Lect,2,3,67%,8,5,5,5,5,5,5,5,5,5
Fall,2016,JOHN WOOLFORD,BSC,3442,MOLECULAR BIOLOGY,A,Lect,7,11,64%,6.71,5,4.71,4.57,4.86,4.71,4.71,4.86,4.86,4.71
Fall,2015,JOHN WOOLFORD,BSC,3442,MOLECULAR BIOLOGY,A,Lect,3,4,75%,7,4.33,4,4,4.33,4.33,4.33,4.33,4.33,4.33
Spring,2014,JONATHAN FINKEL,BSC,3442,MOLECULAR BIOLOGY,W,Lect,4,4,100%,14.25,4.75,4.5,4.75,4.5,4.75,5,5,4.5,4.25
Fall,2014,JOHN WOOLFORD,BSC,3442,MOLECULAR BIOLOGY,A,Lect,4,12,33%,6.5,5,4.25,5,4.25,5,5,4.75,5,4.75
Fall,2013,JOHN WOOLFORD,BSC,3442,MOLECULAR BIOLOGY,A,Lect,9,14,64%,7.33,5,4.67,4.56,4.89,4.89,4.89,5,4.78,4.67
Fall,2012,JOHN WOOLFORD,BSC,3442,MOLECULAR BIOLOGY,A,Lect,17,24,71%,8.56,5,4.71,4.76,4.65,4.94,4.76,5,4.94,4.76
Fall,2012,JONATHAN FINKEL,BSC,3442,MOLECULAR BIOLOGY,W,Lect,5,6,83%,7.4,4.8,4.6,4.2,4.4,4.4,4.2,5,4.2,4.6
Fall,2011,KAREN THICKMAN,BSC,3442,MOLECULAR BIOLOGY,A,Lect,7,16,44%,9.5,3.71,3.43,3.86,3.43,3.57,3.43,4.43,3.29,3
Fall,2010,JOHN WOOLFORD,BSC,3442,MOLECULAR BIOLOGY,A,Lect,16,28,57%,5.94,4.63,4,3.94,3.94,4.63,4.13,4.5,4.19,4
Spring,2014,"FINKEL, J. (co-taught)",BSC,3445,UNDERGRAD RESEARCH,W,Lect,1,3,33%,11,5,5,5,5,5,5,5,5,5
Spring,2013,"HOVIS, K. (co-taught)",BSC,3445,UNDERGRAD RESEARCH,W,Lect,4,5,80%,3.5,5,5,5,4.5,5,5,5,5,5
Spring,2013,"FINKEL, J. (co-taught)",BSC,3445,UNDERGRAD RESEARCH,W,Lect,4,5,80%,7,5,5,5,5,5,5,5,5,5
Spring,2013,"ILYIN, V. (co-taught)",BSC,3445,UNDERGRAD RESEARCH,W,Lect,4,5,80%,2,5,5,5,5,5,5,5,5,5
Fall,2012,"HOVIS, K. (co-taught)",BSC,3445,UNDERGRAD RESEARCH,W,Lect,4,5,80%,5,5,5,5,5,5,5,5,5,4.75
Fall,2012,"FINKEL, J. (co-taught)",BSC,3445,UNDERGRAD RESEARCH,W,Lect,4,5,80%,8,5,5,5,5,5,5,5,5,5
Fall,2016,"ETTENSOHN, C. (co-taught)",BSC,3451,ADV DEV BIO HUM HLTH,A,Lect,2,5,40%,9.5,5,4.5,5,4.5,5,5,5,5,5
Fall,2016,"MCCARTNEY, B. (co-taught)",BSC,3451,ADV DEV BIO HUM HLTH,A,Lect,2,5,40%,9.5,5,5,5,4,5,5,5,5,5
Fall,2016,M DURAND,BSC,3511,GENOMICS & MOLEC BIO,A,Lect,3,4,75%,10,5,4.67,4.67,4.67,5,5,5,5,4.67
Fall,2015,M DURAND,BSC,3511,GENOMICS & MOLEC BIO,A,Lect,4,4,100%,11.25,4.25,4.5,4.5,4.25,4.5,4.5,4.25,4.5,4.25
Fall,2014,M DURAND,BSC,3511,GENOMICS & MOLEC BIO,A,Lect,2,4,50%,8,5,4.5,4.5,5,5,5,5,5,5
Fall,2011,M DURAND,BSC,3511,GENOMICS & MOLEC BIO,A,Lect,2,3,67%,6.5,5,5,4.5,5,5,4.5,5,4.5,4.5
Fall,2010,M DURAND,BSC,3511,GENOMICS & MOLEC BIO,A,Lect,1,3,33%,11,5,5,5,5,5,5,5,5,5
Fall,2016,RUSSELL SCHWARTZ,BSC,3512,CPTL MTH BIO MDL SIM,A,Lect,1,2,50%,8,4,5,5,5,5,5,5,5,5
Fall,2016,FREDERICK LANNI,BSC,3534,BIO IMG & FLR SPECTR,A,Lect,1,6,17%,8,5,5,5,5,5,5,5,5,5
Fall,2015,FREDERICK LANNI,BSC,3534,BIO IMG & FLR SPECTR,A,Lect,5,7,71%,8,5,4.8,5,4.8,5,5,5,5,5
Spring,2014,"LANNI, F. (co-taught)",BSC,3534,BIO IMG & FLR SPECTR,A,Lect,2,5,40%,9.5,5,5,5,5,4.5,4.5,5,4.5,5
Spring,2014,"WAGGONER, A. (co-taught)",BSC,3534,BIO IMG & FLR SPECTR,A,Lect,2,5,40%,6.5,5,5,5,5,5,4.5,5,4.5,5
Fall,2014,FREDERICK LANNI,BSC,3534,BIO IMG & FLR SPECTR,A,Lect,2,4,50%,9.5,5,5,5,5,5,5,5,5,5
Spring,2013,FREDERICK LANNI,BSC,3534,BIO IMG & FLR SPECTR,A,Lect,8,11,73%,9.5,5,4.63,4.5,5,4.75,4.88,5,4.63,4.63
Spring,2012,FREDERICK LANNI,BSC,3534,BIO IMG & FLR SPECTR,A,Lect,8,13,62%,7.25,4.63,4,4.13,4,4.5,4.38,5,4.5,4.63
Spring,2011,FREDERICK LANNI,BSC,3534,BIO IMG & FLR SPECTR,A,Lect,5,9,56%,5,5,4.6,4.4,4.6,5,4.8,5,4.6,4.8
Spring,2010,FREDERICK LANNI,BSC,3534,BIO IMG & FLR SPECTR,A,Lect,8,12,67%,6.13,4.63,4.5,4.63,4.25,4.38,4.38,4.5,4.38,4.25
Spring,2016,JOE SUHAN,BSC,3620,TECH ELEC MICROSCOPY,A,Lect,3,3,100%,7,5,5,5,5,5,5,5,5,5
Spring,2013,JOE SUHAN,BSC,3620,TECH ELEC MICROSCOPY,A,Lect,1,4,25%,5,5,5,5,5,5,5,5,5,5
Spring,2011,JOE SUHAN,BSC,3620,TECH ELEC MICROSCOPY,A,Lect,1,4,25%,8,4,4,4,3,4,5,5,5,5
Fall,2016,SHOBA SUBRAMANIAN,BSC,3709,APP CELL MOLC BIOLGY,1,Lect,23,23,100%,10.77,4.61,4.57,4.57,4.3,4.43,4.43,4.57,4.43,4.32
Fall,2015,SHOBA SUBRAMANIAN,BSC,3709,APP CELL MOLC BIOLGY,1,Lect,6,8,75%,11.5,4.33,4.67,4.67,4.5,4.17,4.33,4.5,4.33,4
Fall,2014,SHOBA SUBRAMANIAN,BSC,3709,APP CELL MOLC BIOLGY,A,Lect,11,13,85%,14.55,4.45,4.18,3.64,4.18,3.55,3.36,4.18,3.82,3.55
Fall,2013,SHOBA SUBRAMANIAN,BSC,3709,APP CELL MOLC BIOLGY,A,Lect,6,12,50%,10,4.33,3.83,4,4,4.5,4.17,4.33,3.67,3.67
Fall,2016,M DURAND,BSC,3711,GENOMICS & MOLEC BIO,A,Lect,4,5,80%,8.75,5,5,5,5,4.75,5,5,5,5
Fall,2015,M DURAND,BSC,3711,GENOMICS & MOLEC BIO,A,Lect,2,4,50%,9.5,5,5,4,5,4.5,5,5,4.5,4.5
Fall,2014,M DURAND,BSC,3711,GENOMICS & MOLEC BIO,A,Lect,2,4,50%,11,5,4.5,5,4.5,5,4.5,5,5,4.5
Fall,2013,M DURAND,BSC,3711,GENOMICS & MOLEC BIO,A,Lect,4,6,67%,10,4.5,4.5,4.75,4.25,4.25,4.75,4.75,4.5,4.75
Fall,2012,M DURAND,BSC,3711,GENOMICS & MOLEC BIO,A,Lect,5,11,45%,8.6,4.8,4.6,4.8,4.2,4.8,4.8,4.4,5,4.6
Fall,2011,M DURAND,BSC,3711,GENOMICS & MOLEC BIO,A,Lect,3,4,75%,6,5,4.33,4.67,4.67,4.67,4.67,5,4.67,4.67
Fall,2010,M DURAND,BSC,3711,GENOMICS & MOLEC BIO,A,Lect,10,17,59%,8.9,4.9,4.6,4.3,4.5,4.4,4.3,4.7,4.5,4.3
Fall,2016,RUSSELL SCHWARTZ,BSC,3712,CPTL MTH BIO MDL SIM,A,Lect,6,9,67%,14.2,4.17,4.17,4.33,4.17,4,4.33,4.5,4.17,4.17
Fall,2015,RUSSELL SCHWARTZ,BSC,3712,CPTL MTH BIO MDL SIM,A,Lect,1,3,33%,11,4,4,4,3,4,4,4,4,4
Fall,2014,RUSSELL SCHWARTZ,BSC,3712,CPTL MTH BIO MDL SIM,A,Lect,5,6,83%,12.2,4,4.2,4,3.6,4.2,3.8,4.6,4,4
Fall,2013,RUSSELL SCHWARTZ,BSC,3712,CPTL MTH BIO MDL SIM,A,Lect,4,5,80%,13.25,4.25,4.5,4.5,4.25,4.5,4,4.5,4.25,4.25
Fall,2012,RUSSELL SCHWARTZ,BSC,3712,CPTL MTH BIO MDL SIM,A,Lect,7,11,64%,11,4.71,4.86,4.57,4.86,4.86,4.86,5,4.71,4.86
Fall,2011,RUSSELL SCHWARTZ,BSC,3712,CPTL MTH BIO MDL SIM,A,Lect,2,3,67%,9.5,5,5,4.5,4.5,5,4.5,5,4.5,5
Fall,2010,RUSSELL SCHWARTZ,BSC,3712,CPTL MTH BIO MDL SIM,A,Lect,10,14,71%,12.5,4.4,4.6,4.6,4.2,4.7,4.5,4.9,4.4,4.5
Spring,2016,CHARLES MCMANUS,BSC,3713,BIOINFMTCS DATA PRAC,A4,Lect,8,15,53%,9.13,4.75,4.63,4.63,4.88,4.38,4.25,5,4.75,4.38
Fall,2010,VERONICA HINMAN,BSC,3725,EVOLUTION,A,Lect,10,14,71%,5,4.3,4.2,4.3,3.7,4.5,4.6,4.7,4.1,4.2
Fall,2016,VERONICA HINMAN,BSC,3726,EVLN REGULY GENOMICS,A1,Lect,3,7,43%,8,4.67,5,4.33,4.67,4.33,4.67,5,4.67,3.67
Fall,2015,VERONICA HINMAN,BSC,3726,EVLN REGULY GENOMICS,A1,Lect,3,3,100%,6,5,4.33,4.33,4.67,5,4.67,5,4.67,4.67
Fall,2014,VERONICA HINMAN,BSC,3726,EVLN REGULY GENOMICS,A1,Lect,7,13,54%,7.57,4.86,4.71,4.71,4.57,4.71,4.57,4.71,4.71,4.57
Fall,2012,VERONICA HINMAN,BSC,3726,EVLN REGULY GENOMICS,A1,Lect,10,13,77%,7.1,4.8,4.6,4.3,4.2,4.4,4.1,4.9,4.4,4.3
Fall,2011,VERONICA HINMAN,BSC,3726,EVLN REGULY GENOMICS,A1,Lect,14,17,82%,6.5,4.21,3.86,3.64,3.86,3.93,3.79,4.5,4.07,3.71
Fall,2015,M DURAND,BSC,3727,PHYLOGENETICS,A,Lect,4,6,67%,11.75,3.75,3.25,4,3.75,4,3.5,4,3.5,3.5
Fall,2013,M DURAND,BSC,3727,PHYLOGENETICS,A,Lect,7,10,70%,10.14,4.71,4.29,4.43,4.43,4.57,4.43,4.71,4.43,4.71
Fall,2012,M DURAND,BSC,3727,PHYLOGENETICS,A2,Lect,14,17,82%,6.71,4.43,4.29,4.36,4.29,4.21,4.21,4.57,4.36,4.36
Fall,2011,M DURAND,BSC,3727,PHYLOGENETICS,A2,Lect,13,18,72%,7.08,4.46,4,3.54,3.85,3.92,3.69,4.38,4,3.92
Spring,2016,"WOOLFORD, J. (co-taught)",BSC,3730,ADVANCED GENETICS,A,Lect,5,7,71%,8,5,4.8,4.8,4.8,4.8,4.8,5,5,4.8
Spring,2016,"MITCHELL, A. (co-taught)",BSC,3730,ADVANCED GENETICS,A,Lect,5,7,71%,8,4.8,4.8,4.8,4.8,4.8,4.8,4.6,4.8,4.8
Spring,2015,"WOOLFORD, J. (co-taught)",BSC,3730,ADVANCED GENETICS,A,Lect,13,17,76%,7.54,4.83,4.67,4.58,4.83,4.67,4.58,4.91,4.5,4.5
Spring,2015,"MITCHELL, A. (co-taught)",BSC,3730,ADVANCED GENETICS,A,Lect,13,17,76%,7.25,4.5,4.67,4.58,4.33,4.5,4.67,4.67,4.5,4.5
Spring,2015,"MCMANUS, C. (co-taught)",BSC,3730,ADVANCED GENETICS,A,Lect,13,17,76%,7.25,4.33,4.33,4.33,4.08,4.42,4.5,4.5,4.08,4.17
Spring,2014,"WOOLFORD, J. (co-taught)",BSC,3730,ADVANCED GENETICS,A,Lect,7,12,58%,7.14,4.86,4.71,4.71,4.71,4.71,4.86,5,4.86,4.71
Spring,2014,"MITCHELL, A. (co-taught)",BSC,3730,ADVANCED GENETICS,A,Lect,7,12,58%,7.14,4.71,4.71,4.86,4.43,4.71,4.71,4.43,4.71,4.57
Spring,2014,"MCMANUS, C. (co-taught)",BSC,3730,ADVANCED GENETICS,A,Lect,7,12,58%,7.14,4.57,4.57,4.57,3.86,4.57,4.71,4.86,4.43,4.43
Spring,2013,"WOOLFORD, J. (co-taught)",BSC,3730,ADVANCED GENETICS,A,Lect,10,17,59%,6.67,4.78,4.44,4.44,4.11,4.67,4.89,5,4.78,4.56
Spring,2013,"MITCHELL, A. (co-taught)",BSC,3730,ADVANCED GENETICS,A,Lect,10,17,59%,6.67,4.44,4.44,4.75,4.44,4.67,4.67,4.33,4.56,4.56
Spring,2013,"MCMANUS, C. (co-taught)",BSC,3730,ADVANCED GENETICS,A,Lect,10,17,59%,6.33,4.5,4.3,4.5,4.3,4.6,4.2,4.6,4.1,4.3
Spring,2012,"WOOLFORD, J. (co-taught)",BSC,3730,ADVANCED GENETICS,A,Lect,7,13,54%,4,4.83,4.17,4.17,4.33,4.5,4,4.83,4.33,4.17
Spring,2012,"MITCHELL, A. (co-taught)",BSC,3730,ADVANCED GENETICS,A,Lect,7,13,54%,4.57,4.71,4.57,4.57,4.86,4.86,4.43,4.71,4.43,4.43
Spring,2010,"WOOLFORD, J. (co-taught)",BSC,3730,ADVANCED GENETICS,A,Lect,12,23,52%,6.25,4.83,4.75,4.83,4.67,4.83,4.67,4.83,4.83,4.75
Spring,2010,"MITCHELL, A. (co-taught)",BSC,3730,ADVANCED GENETICS,A,Lect,12,23,52%,5.9,4.2,4.4,4.5,3.8,4.7,4.6,2.7,3.9,4.5
Spring,2016,DAVID HACKNEY,BSC,3740,ADV BIOCHEMISTRY,A,Lect,3,7,43%,11,4.33,4,4.33,4.33,4.33,4,5,4,4
Spring,2015,DAVID HACKNEY,BSC,3740,ADV BIOCHEMISTRY,A,Lect,2,5,40%,9.5,5,3,4.5,4,5,4.5,5,4,4.5
Spring,2013,DAVID HACKNEY,BSC,3740,ADV BIOCHEMISTRY,A,Lect,4,6,67%,8.75,5,4.5,4.75,4.5,5,5,5,5,4.75
Spring,2011,DAVID HACKNEY,BSC,3740,ADV BIOCHEMISTRY,A,Lect,8,15,53%,9.13,3.63,2.75,2.75,3,3.88,3.25,4.5,3.38,3.25
Spring,2010,DAVID HACKNEY,BSC,3740,ADV BIOCHEMISTRY,A,Lect,4,12,33%,5,4,3,3.25,3,4,3.75,4.75,4,3.5
Spring,2016,"LEE, C. (co-taught)",BSC,3741,ADV CELL BIOLOGY,A,Lect,4,8,50%,9.5,4.5,4.75,4.25,4.25,4.25,4.5,4.5,4.25,4.5
Spring,2016,"MCCARTNEY, B. (co-taught)",BSC,3741,ADV CELL BIOLOGY,A,Lect,4,8,50%,9,4.25,4,4.5,4,4,4.25,4.75,4.25,4.25
Spring,2016,"LINSTEDT, A. (co-taught)",BSC,3741,ADV CELL BIOLOGY,A,Lect,4,8,50%,9,4.5,4.5,4.5,4.5,4.5,4.5,4.75,4.75,4.5
Spring,2016,"PUTHENVEEDU, M. (co-taught)",BSC,3741,ADV CELL BIOLOGY,A,Lect,4,8,50%,9.5,4.75,4.75,4.5,4.75,4.75,5,4.5,4.75,4.75
Spring,2015,"CAMPBELL, P. (co-taught)",BSC,3741,ADV CELL BIOLOGY,A,Lect,13,18,72%,10.08,4.38,4.46,4.38,3.69,4.31,4.23,4.31,4.23,3.85
Spring,2015,"LEE, C. (co-taught)",BSC,3741,ADV CELL BIOLOGY,A,Lect,13,18,72%,9.85,4.46,4.31,4.23,4,4.08,4.15,4.46,4.23,4
Spring,2015,"LINSTEDT, A. (co-taught)",BSC,3741,ADV CELL BIOLOGY,A,Lect,13,18,72%,10.25,4.54,4.38,4.31,4,4.46,4.38,4.38,4.31,4.08
Spring,2015,"PUTHENVEEDU, M. (co-taught)",BSC,3741,ADV CELL BIOLOGY,A,Lect,13,18,72%,10.31,4.23,4.31,4.23,3.38,4.25,4.18,4,3.92,3.77
Spring,2014,"CAMPBELL, P. (co-taught)",BSC,3741,ADV CELL BIOLOGY,A,Lect,5,15,33%,9.2,4.2,3.8,4.2,3.8,4.6,4.2,4.2,3.8,4.4
Spring,2014,"LEE, C. (co-taught)",BSC,3741,ADV CELL BIOLOGY,A,Lect,5,15,33%,9.2,4.8,4,4.4,4.2,4.6,4.8,4.4,4.4,4.4
Spring,2014,"LEDUC, P. (co-taught)",BSC,3741,ADV CELL BIOLOGY,A,Lect,5,15,33%,8.75,4,3,3.5,4,4,3.75,3.75,4,4
Spring,2014,"LINSTEDT, A. (co-taught)",BSC,3741,ADV CELL BIOLOGY,A,Lect,5,15,33%,9.2,4.8,3.8,4.4,4.2,4.8,4.8,4.2,4.4,4.6
Spring,2013,"CAMPBELL, P. (co-taught)",BSC,3741,ADV CELL BIOLOGY,A,Lect,9,13,69%,9,4.67,4.44,4.44,4.11,4.89,4.75,4.63,4.57,4.63
Spring,2013,"LEE, C. (co-taught)",BSC,3741,ADV CELL BIOLOGY,A,Lect,9,13,69%,9.13,4.5,4.25,4.25,3.88,4.25,4.25,4.25,4.13,4.13
Spring,2013,"LEDUC, P. (co-taught)",BSC,3741,ADV CELL BIOLOGY,A,Lect,9,13,69%,9.13,4.75,4.63,4.63,4.29,4.75,4.88,4.88,4.75,4.88
Spring,2013,"PUTHENVEEDU, M. (co-taught)",BSC,3741,ADV CELL BIOLOGY,A,Lect,9,13,69%,9.5,4.75,4.63,4.63,4.5,4.5,4.75,4.63,4.75,4.75
Spring,2012,"CAMPBELL, P. (co-taught)",BSC,3741,ADV CELL BIOLOGY,A,Lect,10,15,67%,10.1,4.2,4.1,4.3,3.2,4.8,4.4,4.6,4.2,4
Spring,2012,"LEE, C. (co-taught)",BSC,3741,ADV CELL BIOLOGY,A,Lect,10,15,67%,9.5,4.2,4.1,4.2,4.1,4.3,4.1,4.6,4.2,4.1
Spring,2012,"LINSTEDT, A. (co-taught)",BSC,3741,ADV CELL BIOLOGY,A,Lect,10,15,67%,9.2,4.5,4.3,4.3,3.9,4.6,4.5,4.6,4.6,4
Spring,2012,"YANG, G. (co-taught)",BSC,3741,ADV CELL BIOLOGY,A,Lect,10,15,67%,9.8,4.2,3.9,4.1,3.8,4.2,4.1,4.4,4.2,4.1
Spring,2011,"CAMPBELL, P. (co-taught)",BSC,3741,ADV CELL BIOLOGY,A,Lect,6,11,55%,9,4.17,4.33,4.67,3.17,4.33,4.17,4.33,4.17,4.17
Spring,2011,"LEE, C. (co-taught)",BSC,3741,ADV CELL BIOLOGY,A,Lect,6,11,55%,9,4.83,4.67,4.67,4.67,4.83,4.83,4.5,4.67,4.83
Spring,2011,"YANG, G. (co-taught)",BSC,3741,ADV CELL BIOLOGY,A,Lect,6,11,55%,8.5,4.2,4,4.17,3.5,4.67,4.67,4.17,4.5,4.8
Spring,2011,"PUTHENVEEDU, M. (co-taught)",BSC,3741,ADV CELL BIOLOGY,A,Lect,6,11,55%,9,5,4.5,4.5,4.17,4.83,5,4.83,4.83,4.83
Spring,2010,"CAMPBELL, P. (co-taught)",BSC,3741,ADV CELL BIOLOGY,A,Lect,8,23,35%,8,4.25,4.5,4.5,4.13,4.5,4.38,4.38,4.5,4.75
Spring,2010,"MINDEN, J. (co-taught)",BSC,3741,ADV CELL BIOLOGY,A,Lect,8,23,35%,8.38,5,4.88,4.88,4.88,4.75,4.88,5,4.75,4.75
Spring,2010,"LINSTEDT, A. (co-taught)",BSC,3741,ADV CELL BIOLOGY,A,Lect,8,23,35%,8.38,5,4.63,4.88,4.5,4.75,5,4.88,4.75,4.75
Spring,2010,"PUTHENVEEDU, M. (co-taught)",BSC,3741,ADV CELL BIOLOGY,A,Lect,8,23,35%,8,4.63,4.25,4.38,4,4.38,4.38,4.38,4.25,4.5
Fall,2016,JOHN WOOLFORD,BSC,3742,MOLECULAR BIOLOGY,1,Lect,5,8,63%,14.2,5,5,5,5,5,5,5,5,5
Fall,2015,JOHN WOOLFORD,BSC,3742,MOLECULAR BIOLOGY,1,Lect,4,10,40%,10.25,5,5,5,5,5,5,5,5,5
Fall,2014,JOHN WOOLFORD,BSC,3742,MOLECULAR BIOLOGY,1,Lect,11,19,58%,11.36,5,4.73,4.64,4.91,4.91,4.64,5,5,4.73
Fall,2013,JOHN WOOLFORD,BSC,3742,MOLECULAR BIOLOGY,1,Lect,10,16,63%,7.4,5,4.7,4.9,4.8,4.9,4.9,5,5,4.9
Fall,2013,JOHN WOOLFORD,BSC,3742,MOLECULAR BIOLOGY,A,Lect,11,16,69%,6.64,5,4.55,4.73,4.73,5,4.91,5,4.91,4.73
Fall,2012,JOHN WOOLFORD,BSC,3742,MOLECULAR BIOLOGY,1,Lect,16,20,80%,9,4.94,4.88,4.88,4.75,4.88,4.94,4.88,4.88,4.81
Fall,2011,KAREN THICKMAN,BSC,3742,MOLECULAR BIOLOGY,1,Lect,14,18,78%,8.64,3.64,3.14,2.57,2.79,3.21,2.64,4,2.79,2.86
Fall,2010,JOHN WOOLFORD,BSC,3742,MOLECULAR BIOLOGY,1,Lect,14,24,58%,8.43,4.86,4.21,4.43,4.14,4.86,4.5,4.79,4.71,4.43
Fall,2014,"HACKNEY, D. (co-taught)",BSC,3745,CORE COURSE BIOCHEM,A1,Lect,9,13,69%,13.44,3,3.67,3.11,3,3.67,3.22,3.44,3,3.11
Fall,2014,"BRUCHEZ, M. (co-taught)",BSC,3745,CORE COURSE BIOCHEM,A1,Lect,9,13,69%,13.44,3.56,3.78,4,3.33,4.33,4,4.22,3.67,3.33
Fall,2013,DAVID HACKNEY,BSC,3745,CORE COURSE BIOCHEM,A1,Lect,4,9,44%,15.75,3.75,3.25,3.25,2.75,3.75,2.75,4,3,3
Fall,2012,DAVID HACKNEY,BSC,3745,CORE COURSE BIOCHEM,A1,Lect,11,12,92%,10.18,3.91,3.55,3.36,3.73,3.73,3.27,4.64,3.36,3
Fall,2011,DAVID HACKNEY,BSC,3745,CORE COURSE BIOCHEM,A1,Lect,7,10,70%,10.57,3.29,3,2.86,3.29,3.43,2.43,4.57,3,3
Fall,2010,"HACKNEY, D. (co-taught)",BSC,3745,CORE COURSE BIOCHEM,A1,Lect,10,13,77%,11,3.5,3.3,3.4,3.4,3.6,3.2,4.3,3.2,3.3
Fall,2010,"MINDEN, J. (co-taught)",BSC,3745,CORE COURSE BIOCHEM,A1,Lect,10,13,77%,6.8,4.7,4.4,4.6,4.11,4.7,4.6,4.6,4.5,4.4
Fall,2014,"ETTENSOHN, C. (co-taught)",BSC,3746,CORE COURSE CELL BIO,A2,Lect,9,16,56%,9.67,4.33,4.33,4.56,4.11,4.44,4.44,4.78,4.33,4.11
Fall,2014,"LEE, C. (co-taught)",BSC,3746,CORE COURSE CELL BIO,A2,Lect,9,16,56%,9.67,4.44,4.44,4.44,4.33,4.33,4.33,4.56,4.33,4.11
Fall,2014,"LINSTEDT, A. (co-taught)",BSC,3746,CORE COURSE CELL BIO,A2,Lect,9,16,56%,10,4.56,4.44,4.67,4.44,4.78,4.78,4.67,4.56,4.22
Fall,2013,"ETTENSOHN, C. (co-taught)",BSC,3746,CORE COURSE CELL BIO,A2,Lect,4,7,57%,8,5,5,5,4.75,5,5,5,5,5
Fall,2013,"LEE, C. (co-taught)",BSC,3746,CORE COURSE CELL BIO,A2,Lect,4,7,57%,8,5,5,5,5,5,4.75,5,4.5,5
Fall,2013,"LINSTEDT, A. (co-taught)",BSC,3746,CORE COURSE CELL BIO,A2,Lect,4,7,57%,8,5,5,5,5,5,5,5,5,5
Fall,2012,"ETTENSOHN, C. (co-taught)",BSC,3746,CORE COURSE CELL BIO,A2,Lect,11,13,85%,6.64,4.27,4.36,4.36,4,4.64,4.64,4.27,4.45,4.27
Fall,2012,"LEE, C. (co-taught)",BSC,3746,CORE COURSE CELL BIO,A2,Lect,11,13,85%,7.18,4.55,4.18,4.09,3.82,4.36,4.27,4.73,4,3.91
Fall,2012,"LINSTEDT, A. (co-taught)",BSC,3746,CORE COURSE CELL BIO,A2,Lect,11,13,85%,8.27,4.55,4.55,4.64,4.73,4.73,4.45,4.45,4.36,4.55
Fall,2011,"ETTENSOHN, C. (co-taught)",BSC,3746,CORE COURSE CELL BIO,A2,Lect,8,11,73%,7.57,4.43,4.29,4.29,3.29,4.57,4.57,4.86,4.43,4.14
Fall,2011,"LEE, C. (co-taught)",BSC,3746,CORE COURSE CELL BIO,A2,Lect,8,11,73%,7.63,4.13,3.38,3.88,3.5,4.13,4.13,4.88,4,4
Fall,2011,"LINSTEDT, A. (co-taught)",BSC,3746,CORE COURSE CELL BIO,A2,Lect,8,11,73%,7.5,4.63,4.75,4.88,4.38,4.63,4.75,4.63,4.63,4.5
Fall,2010,"ETTENSOHN, C. (co-taught)",BSC,3746,CORE COURSE CELL BIO,A2,Lect,8,14,57%,6.5,4.38,4.38,4.38,4.13,4.5,4.38,4.75,4.5,4.5
Fall,2010,"LEE, C. (co-taught)",BSC,3746,CORE COURSE CELL BIO,A2,Lect,8,14,57%,7.63,4.25,3.75,3.75,4.13,4,4.13,4.38,3.88,4
Fall,2010,"MINDEN, J. (co-taught)",BSC,3746,CORE COURSE CELL BIO,A2,Lect,8,14,57%,6.88,4.38,4.25,4.13,3.75,4.38,4,4.5,4.13,4.38
Fall,2010,"LINSTEDT, A. (co-taught)",BSC,3746,CORE COURSE CELL BIO,A2,Lect,8,14,57%,8.38,4.5,4.63,4.38,4.38,4.38,4.63,4.13,4.38,4.38
Fall,2016,ALISON BARTH,BSC,3747,PPSL PREP PEER REV,A2,Lect,5,7,71%,5,5,4.8,4.4,4.6,4.8,4.8,4.8,5,4.6
Spring,2015,ALISON BARTH,BSC,3747,PPSL PREP PEER REV,A3,Lect,1,2,50%,8,5,5,5,5,5,5,5,5,5
Fall,2015,ALISON BARTH,BSC,3747,PPSL PREP PEER REV,A2,Lect,7,11,64%,7.57,4.43,3.29,4.14,4.14,4.57,4,4.14,4.14,3.71
Spring,2014,ALISON BARTH,BSC,3747,PPSL PREP PEER REV,A3,Lect,4,8,50%,5.75,5,4.75,5,4.75,5,4.75,4.5,4.75,4.75
Fall,2016,"ETTENSOHN, C. (co-taught)",BSC,3751,ADV DEV BIO HUM HLTH,A,Lect,4,6,67%,9.5,5,4.75,5,5,5,5,4.75,4.75,4.75
Fall,2016,"MCCARTNEY, B. (co-taught)",BSC,3751,ADV DEV BIO HUM HLTH,A,Lect,4,6,67%,9.5,5,4.75,4.75,4.75,5,5,5,5,5
Fall,2015,"ETTENSOHN, C. (co-taught)",BSC,3751,ADV DEV BIO HUM HLTH,A,Lect,3,7,43%,9,4.67,4.67,4.67,4.67,4.67,4.67,4.67,4.67,4.67
Fall,2015,"MCCARTNEY, B. (co-taught)",BSC,3751,ADV DEV BIO HUM HLTH,A,Lect,3,7,43%,10,4.67,4.67,4.67,4.67,4.67,4.67,4.67,4.67,4.67
Fall,2012,"ETTENSOHN, C. (co-taught)",BSC,3751,ADV DEVELOP BIOLOGY,A,Lect,4,6,67%,8,4,3.75,4.25,3.25,4,3.75,4.5,4.25,3.75
Fall,2012,"MCCARTNEY, B. (co-taught)",BSC,3751,ADV DEVELOP BIOLOGY,A,Lect,4,6,67%,8,4.5,4,4.25,3.5,4.5,4.5,4.25,4.75,4.5
Fall,2011,"ETTENSOHN, C. (co-taught)",BSC,3751,ADV DEVELOP BIOLOGY,A,Lect,6,10,60%,7,4.33,4.17,4.17,3.5,4.67,4.33,4.5,4.17,4.67
Fall,2011,"MCCARTNEY, B. (co-taught)",BSC,3751,ADV DEVELOP BIOLOGY,A,Lect,6,10,60%,7.4,4.67,4.33,4.33,3.67,4.83,4.5,4.83,4.83,4.67
Fall,2010,"ETTENSOHN, C. (co-taught)",BSC,3751,ADV DEVELOP BIOLOGY,A,Lect,8,9,89%,8.38,4.5,5,5,4.38,5,4.75,4.75,4.75,4.63
Fall,2010,"MCCARTNEY, B. (co-taught)",BSC,3751,ADV DEVELOP BIOLOGY,A,Lect,8,9,89%,8.38,4.63,5,5,4.88,5,4.75,4.75,4.88,4.63
Fall,2016,AARON MITCHELL,BSC,3756,GRAD INDEP STUDY,A2,Lect,9,9,100%,5.67,4.78,4.78,4.78,4.33,4.78,4.78,4.89,4.78,4.78
Fall,2016,"GITTIS, A. (co-taught)",BSC,3762,ADV CELLULAR NEUROSC,A,Lect,16,30,53%,4.06,4.25,4.13,4.06,3.94,4.31,3.69,4.38,3.75,3.8
Fall,2016,"CHEETHAM, C. (co-taught)",BSC,3762,ADV CELLULAR NEUROSC,A,Lect,16,30,53%,5.6,4.63,4.81,4.56,4.38,4.38,4.25,5,4.5,4.44
Fall,2015,CLAIRE CHEETHAM,BSC,3762,ADV CELLULAR NEUROSC,A,Lect,13,20,65%,5.92,4.46,4.38,4.46,4.46,4.54,4.23,4.77,4.38,4
Spring,2014,NATHANIEL URBAN,BSC,3762,ADV CELLULAR NEUROSC,A,Lect,15,36,42%,7.14,4.33,3.93,4.07,3.07,4.47,4.27,4.87,4.07,4.07
Fall,2014,ARYN GITTIS,BSC,3762,ADV CELLULAR NEUROSC,A,Lect,16,19,84%,8.63,4.67,4.81,4.75,4.56,4.81,4.69,4.88,4.63,4.69
Spring,2013,ALISON BARTH,BSC,3762,ADV CELLULAR NEUROSC,1,Lect,12,22,55%,5.25,4.67,4.58,4.5,4.42,4.58,4.33,4.42,4.5,4.42
Spring,2013,NATHANIEL URBAN,BSC,3762,ADV CELLULAR NEUROSC,A,Lect,12,22,55%,3.5,4.58,4.5,4.5,3.75,4.58,4.75,4.83,4.33,4.25
Spring,2012,ALISON BARTH,BSC,3762,ADV CELLULAR NEUROSC,1,Lect,12,20,60%,7.5,3.25,2.58,2.67,2.33,4.08,2.5,2.67,2.42,2.5
Spring,2012,NATHANIEL URBAN,BSC,3762,ADV CELLULAR NEUROSC,A,Lect,12,20,60%,4.1,4.58,4.25,4.25,3.75,4.73,4.67,4.75,4.58,4.58
Fall,2010,NATHANIEL URBAN,BSC,3762,ADV CELLULAR NEUROSC,1,Lect,14,19,74%,6.71,4.57,4.36,4.5,3.79,4.71,4.62,4.86,4.57,4.57
Spring,2016,SANDRA KUHLMAN,BSC,3763,ADV SYS NEUROSCIENCE,A,Lect,13,26,50%,6.38,4.62,4.38,4.54,3.77,4.69,4.46,4.83,4.54,4.46
Spring,2015,SANDRA KUHLMAN,BSC,3763,ADV SYS NEUROSCIENCE,A,Lect,13,31,42%,5.69,4.69,4.15,4.08,3.85,4.38,4.54,4.77,4.46,4.23
Fall,2013,SANDRA KUHLMAN,BSC,3763,ADV SYS NEUROSCIENCE,A,Lect,10,15,67%,8,4.9,4.3,4.4,4.4,4.7,4.8,5,4.9,4.7
Fall,2012,ARYN GITTIS,BSC,3763,ADV SYS NEUROSCIENCE,A,Lect,10,12,83%,5.9,4.7,4.5,4.4,4.9,4.5,4.2,5,4.6,4.8
Spring,2011,KEN HOVIS,BSC,3763,ADV SYS NEUROSCIENCE,1,Lect,13,19,68%,5.25,4.62,4.46,4.38,4.31,4.54,4.46,4.62,4.46,4.31
Spring,2011,ALISON BARTH,BSC,3763,ADV SYS NEUROSCIENCE,A,Lect,11,19,58%,5.3,4.27,4.09,4.18,4,4.09,4,4.18,4.09,4.18
Fall,2011,NATHANIEL URBAN,BSC,3763,ADV SYS NEUROSCIENCE,A,Lect,10,13,77%,6.5,5,5,5,4.9,4.9,5,5,5,4.8
Spring,2010,JUSTIN CROWLEY,BSC,3763,ADV SYS NEUROSCIENCE,1,Lect,9,11,82%,6.88,4.78,4.89,4.89,4.22,4.67,4.56,5,4.67,4.44
Spring,2010,JUSTIN CROWLEY,BSC,3763,ADV SYS NEUROSCIENCE,A,Lect,6,11,55%,6,4.67,4.5,4.67,4,4.67,4.67,5,4.67,4.5
Spring,2016,"BRASIER, D. (co-taught)",BSC,3765,ADV NEURAL CORR. LRN,A,Lect,4,4,100%,5.75,4.5,4.25,4.5,4.25,4.5,4.25,4.5,4.5,4.5
Spring,2016,"KUHLMAN, S. (co-taught)",BSC,3765,ADV NEURAL CORR. LRN,A,Lect,4,4,100%,5.75,4,4.25,4.25,4.25,4.25,4.25,4.25,4.25,4.25
Spring,2016,"WAGGONER, A. (co-taught)",BSC,3770,PRINC OF BIOTECH,A,Lect,3,5,60%,14.5,4,4.33,4.33,3.67,4.33,4,4,3.67,4.33
Spring,2016,"BRUCHEZ, M. (co-taught)",BSC,3770,PRINC OF BIOTECH,A,Lect,3,5,60%,17.67,4.67,5,5,4.67,4.67,5,5,5,4.33
Spring,2014,MARCEL BRUCHEZ,BSC,3770,PRINC OF BIOTECH,A,Lect,1,2,50%,5,4,4,3,5,5,4,5,5,3
Spring,2016,"MITCHELL, A. (co-taught)",BSC,3791,ADV MICROBIO,1,Lect,8,12,67%,7.63,4.88,4.75,4.88,5,5,4.88,4.57,4.75,4.75
Spring,2016,"HILLER, N. (co-taught)",BSC,3791,ADV MICROBIO,1,Lect,8,12,67%,7.63,5,5,5,5,5,4.88,5,5,5
Spring,2015,"MITCHELL, A. (co-taught)",BSC,3791,ADV MICROBIO,1,Lect,9,11,82%,8.33,4.89,4.67,4.67,4.44,4.89,4.89,4.89,4.89,4.89
Spring,2015,"HILLER, N. (co-taught)",BSC,3791,ADV MICROBIO,1,Lect,9,11,82%,8.33,4.89,4.67,4.67,4.78,4.89,4.89,5,4.89,4.89
Spring,2014,"MITCHELL, A. (co-taught)",BSC,3791,ADV MICROBIO,1,Lect,1,2,50%,11,5,5,5,5,5,5,5,5,5
Spring,2014,"HILLER, N. (co-taught)",BSC,3791,ADV MICROBIO,1,Lect,1,2,50%,11,5,5,5,5,5,5,5,5,5
Fall,2012,ERIC AHRENS,BSC,3815,MAGNETC RESONCE IMAG,A,Lect,3,6,50%,7,3.67,4,4,3.33,4,3.67,3.67,3.33,3.33
Fall,2011,ERIC AHRENS,BSC,3815,MAGNETC RESONCE IMAG,A,Lect,1,5,20%,8,3,5,5,3,5,5,5,3,3
Fall,2011,GORDON RULE,BSC,3871,STRUCTURL BIOPHYSICS,A,Lect,4,6,67%,7.25,5,4.25,4.25,4,4.75,4.75,4.75,4.75,4.75
Fall,2010,GORDON RULE,BSC,3871,STRUCTURL BIOPHYSICS,A,Lect,3,6,50%,7,5,5,5,5,5,5,5,5,4.33
