Communicating,CFA Interdisciplinary,62-150,Introduction to Media Synthesis and Analysis,N,N,
Communicating,Economics,73-270,Writing for Economists,Y,N,
Communicating,Engineering and Public Policy,19-325,Technology and Policy Writing for Lay Audiences,N,N,
Communicating,English,76-100,Reading and Writing in an Academic Context,N,N,
Communicating,English,76-101,Interpretation and Argument,N,N,
Communicating,English,76-270,Writing for the Professions,N,N,
Communicating,English,76-272,Language in Design,N,N,
Communicating,English,76-273,Presenting a Public Self,Y,N,
Communicating,English,76-285,Team Communication,Y,N,
Communicating,English,76-318,Communicating in the Global Marketplace,N,N,
Communicating,English,76-321,History of the British Novel,Y,N,
Communicating,English,76-325,Intertextuality,Y,N,
Communicating,English,76-355,"Leadership, Dialogue and Change (CL 76-755)",Y,N,
Communicating,English,76-357,"Language, Power and the Law",N,N,
Communicating,English,76-366,Symphonic Poetry: Art of Journaling and Revision,Y,N,
Communicating,English,76-372,News Writing (CL 76-772),Y,N,
Communicating,English,76-377,Rhetoric of Fiction,N,N,
Communicating,English,76-378,Literacy: Educational Theory & Community Practice,N,N,
Communicating,English,76-385,Introduction to Discourse Analysis (CL 76-785),Y,N,
Communicating,English,76-386,Language and Culture,N,N,
Communicating,English,76-387,Sociolinguistics,N,N,
Communicating,English,76-389,Rhetorical Grammar (CL 76-789),Y,N,
Communicating,English,76-393,Rhetorical Traditions,N,N,
Communicating,English,76-395,Science Writing,Y,N,
Communicating,English,76-396,"Non-Profit Advocacy: Genres, Methods, and Issues",Y,N,
Communicating,English,76-427,Research Writing Pedagogy,Y,N,
Communicating,English,76-428,Visual Verbal Communication,Y,N,
Communicating,English,76-474,Software Documentaries,Y,N,
Communicating,English,76-475,"Law, Performance, and Identity",N,N,
Communicating,English,76-476,Rhetoric of Science,Y,N,
Communicating,English,76-481,Introduction to Multimedia Design,Y,N,
Communicating,English,76-491,Rhetorical Analysis,Y,N,
Communicating,English,76-494,Healthcare Communication (CL 76794),Y,N,
Communicating,English,760-286,Oral Communication,Y,N,
Communicating,Institute for Politics and Strategy,84-343,Language and Power: How to Understand and Use Political Speech,N,N,
Communicating,Modern Languages,82-101,Elementary French I,N,N,
Communicating,Modern Languages,82-102,Elementary French II,Y,N,
Communicating,Modern Languages,82-103,Elementary French I online,N,N,
Communicating,Modern Languages,82-104,Elementary French II online,Y,N,
Communicating,Modern Languages,82-111,Elementary Arabic I,N,N,
Communicating,Modern Languages,82-112,Elementary Arabic II,N,N,
Communicating,Modern Languages,82-114,Beginning Arabic for Global Exchange,N,N,
Communicating,Modern Languages,82-115,Arabic for Oral Communication,N,N,
Communicating,Modern Languages,82-117,Arabic Conversation & Dialect I,N,N,
Communicating,Modern Languages,82-118,Arabic Conversation & Dialect II,Y,N,
Communicating,Modern Languages,82-121,Elementary German I,N,N,
Communicating,Modern Languages,82-122,Elementary German II,Y,N,
Communicating,Modern Languages,82-123,Directed Language Study: Elementary German I & II,N,N,
Communicating,Modern Languages,82-131,Elementary Chinese I,N,N,
Communicating,Modern Languages,82-132,Elementary Chinese II,Y,N,
Communicating,Modern Languages,82-133,Elementary Chinese Online I,N,N,
Communicating,Modern Languages,82-134,Elementary Chinese Online II,Y,N,
Communicating,Modern Languages,82-135,Elementary Chinese for Heritage Students,N,N,
Communicating,Modern Languages,82-141,Elementary Spanish I,N,N,
Communicating,Modern Languages,82-142,Elementary Spanish II,Y,N,
Communicating,Modern Languages,82-143,Elementary Spanish I Online,N,N,
Communicating,Modern Languages,82-144,Elementary Spanish II Online,Y,N,
Communicating,Modern Languages,82-161,Elementary Italian I,N,N,
Communicating,Modern Languages,82-162,Elementary Italian II,Y,N,
Communicating,Modern Languages,82-163,Directed Language Study: Elementary Italian I or II,N,N,
Communicating,Modern Languages,82-171,Elementary Japanese I,N,N,
Communicating,Modern Languages,82-172,Elementary Japanese II,Y,N,
Communicating,Modern Languages,82-173,Introduction to Japanese I,N,N,
Communicating,Modern Languages,82-174,Introduction to Japanese II,N,N,
Communicating,Modern Languages,82-191,Elementary Russian I,N,N,
Communicating,Modern Languages,82-192,Elementary Russian II,Y,N,
Communicating,Modern Languages,82-201,Intermediate French I,Y,N,
Communicating,Modern Languages,82-202,Intermediate French II,Y,N,
Communicating,Modern Languages,82-211,Intermediate Arabic I,Y,N,
Communicating,Modern Languages,82-212,Intermediate Arabic II,Y,N,
Communicating,Modern Languages,82-221,Intermediate German I,Y,N,
Communicating,Modern Languages,82-222,Intermediate German II,Y,N,
Communicating,Modern Languages,82-231,Intermediate Chinese I,Y,N,
Communicating,Modern Languages,82-232,Intermediate Chinese II,Y,N,
Communicating,Modern Languages,82-235,Intensive Intermediate Chinese,Y,N,
Communicating,Modern Languages,82-241,Intermediate Spanish I,Y,N,
Communicating,Modern Languages,82-242,Intermediate Spanish II,Y,N,
Communicating,Modern Languages,82-261,Intermediate Italian I,Y,N,
Communicating,Modern Languages,82-262,Intermediate Italian II,Y,N,
Communicating,Modern Languages,82-271,Intermediate Japanese I,Y,N,
Communicating,Modern Languages,82-272,Intermediate Japanese II,Y,N,
Communicating,Modern Languages,82-280,Learning about Language Learning,N,Y,
Communicating,Modern Languages,82-291,Intermediate Russian I,Y,N,
Communicating,Modern Languages,82-292,Intermediate Russian II,Y,N,
Communicating,Modern Languages,82-331,Advanced Chinese I,Y,N,
Communicating,Modern Languages,82-332,Advanced Chinese II,Y,N,
Communicating,Modern Languages,82-334,Structure of Chinese,Y,N,
Communicating,Modern Languages,82-335,Selected Readings in Chinese,Y,N,
Communicating,Modern Languages,82-337,Chinese for Oral Communication I,Y,N,
Communicating,Modern Languages,82-338,Chinese for Oral Communication II,Y,N,
Communicating,Modern Languages,82-371,Advanced Japanese I,Y,N,
Communicating,Modern Languages,82-372,Advanced Japanese II,Y,N,
Communicating,Modern Languages,82-373,Structure of the Japanese Language,N,N,
Communicating,Modern Languages,82-374,Technical Japanese,Y,N,
Communicating,Modern Languages,82-383,Introduction to Second Language Acquisition,N,N,
Communicating,Modern Languages,82-388,Understanding Second Language Fluency,N,N,
Communicating,Modern Languages,82-391,Advanced Russian I,Y,N,
Communicating,Modern Languages,82-392,Advanced Russian II,Y,N,
Communicating,Modern Languages,82-436,Introduction to Classical Chinese,Y,N,
Communicating,Modern Languages,82-443,Spanish Reading and Translation Workshop,Y,N,
Communicating,Modern Languages,82-444,The Structure of Spanish,Y,N,
Communicating,Philosophy,80-180,The Nature of Language,N,N,
Communicating,Philosophy,80-280,Linguistic Analysis,Y,N,
Communicating,Philosophy,80-281,Language and Thought,N,N,
Communicating,Philosophy,80-282,Phonetics and Phonology (CL 80782),Y,N,
Communicating,Philosophy,80-283,Syntax and Discourse,Y,N,
Communicating,Philosophy,80-285,Natural Language Syntax,N,N,
Communicating,Philosophy,80-286,Words and Word Formation: Introduction to Morphology,Y,N,
Communicating,Philosophy,80-287,Historical & Comparative Linguistics,,,
Communicating,Philosophy,80-380,Philosophy of Language,Y,N,
Communicating,Philosophy,80-381,Meaning in Language,Y,N,
Communicating,Philosophy,80-383,Language in Use,Y,N,
Communicating,Philosophy,80-384,Linguistics of Turkic Languages,,,
Communicating,Philosophy,80-385,Linguistics of Germanic Languages,N,N,
Creating,Architecture,48-095,Spatial Concepts for Non-Architects I,N,N,
Creating,Architecture,48-130,Architectural Drawing I: A Tactile Foundation,N,N,
Creating,Architecture,48-135,Architectural Drawing 2: Appearance,Y,N,
Creating,Architecture,48-240,Historical Survey of World Architecture & Urbanism I,Y,N,
Creating,Architecture,48-241,Historical Survey of World Architecture & Urbanism II,Y,N,
Creating,Architecture,48-332,Architecture Explorations: Teaching & Learning,N,N,
Creating,Architecture,48-333,Architecture Explorations,N,N,
Creating,Architecture,48-340,Modern Architecture and Theory 1900-1945,Y,N,
Creating,Architecture,48-343,American Built Environment,Y,N,
Creating,Architecture,48-348,Architectural History of Mexico & Guatemala,Y,N,
Creating,Architecture,48-350,Postwar Modern Architecture and Theory,Y,N,
Creating,Architecture,48-355,Perspective,Y,N,
Creating,Architecture,48-356,Color Drawing,Y,N,
Creating,Architecture,48-368,"Rediscovering Antiquities: Travelers, Archeologists & Architects in Mediterranean",Y,N,
Creating,Architecture,48-371,American House and Housing,Y,N,
Creating,Architecture,48-448,History of Sustainable Architecture,N,N,
Creating,Architecture,48-477,Undergraduate Making Things Interactive,N,N,
Creating,Art,60-101,Concept Studio I,N,N,
Creating,Art,60-102,Concept Studio II,N,N,
Creating,Art,60-104,Contemporary Issues Forum,N,N,
Creating,Art,60-110,Electronic Media Studio I,N,N,
Creating,Art,60-130,3-D Media Studio II,N,N,
Creating,Art,60-141,Black and White Photography I (CL 62-141),N,N,
Creating,Art,60-150,2D Media Studio I: Drawing,N,N,
Creating,Art,60-151,Two-Dimensional Media Studio II: Drawing,N,N,
Creating,Art,60-157,Drawing for Nonmajors,N,N,
Creating,Art,60-201,Concept Studio II,N,N,
Creating,Art,60-202,Concept Studio III,N,N,
Creating,Art,60-203,Concept Studio: Networked Narrative,,,
Creating,Art,60-205,Modern Visual Culture: 1789-1945,N,N,
Creating,Art,60-206,Contemporary Visual Culture: 1960 to the Present,N,N,
Creating,Art,60-210,Electronic Media Studio II,N,N,
Creating,Art,60-223,Introduction to Physical Computing (CL 16-223),N,N,
Creating,Art,60-230,3-D Media Studio II,N,N,
Creating,Art,60-241,Black and White Photography II (CL 62-241),Y,N,
Creating,Art,60-245,Portrait Photography (CL 62-245),Y,N,
Creating,Art,60-250,2D Media Studio: Painting,N,N,
Creating,Art,60-251,2D Media Studio: Print Media,N,N,
Creating,Art,60-268,Neurophoto (CL 62-268),Y,N,
Creating,Art,60-301,Contextual Practice,N,N,
Creating,Art,60-302,Making Connections: Individual Projects in the Community,N,N,
Creating,Art,60-340,The Ballet Russe (The Russian Ballet and its Artists),,,
Creating,Art,60-351,Art & Religion (crosslisted with 79-325),N,N,
Creating,Art,60-353,High and Popular Culture in the Arts,N,N,
Creating,Art,60-354,"Art, Aesthetics and Literature",N,N,
Creating,Art,60-355,Rights to Representation: Indigenous People and their Media (CL 79-278),Y,N,
Creating,Art,60-356,Art from 1965 to the Present,N,N,
Creating,Art,60-358,Art and Biology,N,N,
Creating,Art,60-364,New Technologies and Artists’ Tools,N,N,
Creating,Art,60-371,Breathless: International New Wave Cinemas,N,N,
Creating,Art,60-372,Critical Theory,N,N,
Creating,Art,60-373,Aesthetics from a Global Viewpoint,,,
Creating,Art,60-375,"Art History/Theory: Contemporary Likeness, Identity and Culture",N,N,
Creating,Art,60-376,Large Format Photography: The Antiquarian Avant-Garde (CL 62-375),Y,N,
Creating,Art,60-380,Color Photography and Digital Output (CL 62-381)),Y,N,
Creating,Art,60-381,Museums and other Exhibition Spaces,,,
Creating,Art,60-387,Special Topics,,,
Creating,Art,60-388,"Special Topics: The Power of the Art Market - Artists, Curators, Collectors, and Audiences",N,N,
Creating,Art,60-390,Special Topics: Museums in the Digital Age,,,
Creating,Art,60-391,Special Topics,N,N,
Creating,Art,60-398,Social History and Animation,N,N,
Creating,Art,60-409,Advanced ETB: Video & Performance,Y,N,
Creating,Art,60-412,"Interactive Art and Computational Design (CL 51-482, 62-726)",Y,N,
Creating,Art,60-414,Advanced ETB: Animation Art and Technology (CL 15-465),Y,N,
Creating,Art,60-415,Advanced ETB: Animation,Y,N,
Creating,Art,60-416,Advanced ETB: Documentary Storytelling,Y,N,
Creating,Art,60-417,Advanced ETB: Video,Y,N,
Creating,Art,60-418,Advanced ETB: The Interactive Image,N,N,
Creating,Art,60-420,Advanced ETB: Interactive/Reactive Environments: Circuit Bending,Y,N,
Creating,Art,60-421,Advanced ETB: Experimental Sound,Y,N,
Creating,Art,60-422,Advanced ETB: Experimental Animation,N,N,
Creating,Art,60-424,Advanced CP/ETB: Special topic: Performance Art,Y,N,
Creating,Art,60-426,Advanced ETB/SIS: Special Topic,N,N,
Creating,Art,60-427,Advanced ETB: Special Topic,N,N,
Creating,Art,60-429,Advanced ETB: Special Topic,N,N,
Creating,Art,60-430,Advanced SIS: Open Sculpture,Y,N,
Creating,Art,60-431,Advanced SIS: Installation,Y,N,
Creating,Art,60-432,Advanced SIS: Special Topic,Y,N,
Creating,Art,60-433,Advanced SIS: Clay,Y,N,
Creating,Art,60-434,Advanced SIS: Foundry,Y,N,
Creating,Art,60-435,Advanced SIS: Metals,Y,N,
Creating,Art,60-437,Advanced SIS: Environmental Sculpture,N,N,
Creating,Art,60-438,Advanced SIS: Intimate Objects,N,N,
Creating,Art,60-446,Advanced SIS Special Topic,N,N,
Creating,Art,60-447,"Advanced SIS: Special Topic: Critical Robotics - useless robot, uncanny gesture",N,N,
Creating,Art,60-448,Advanced CP Special Topic: Temporary Art in Public Space,N,N,
Creating,Art,60-449,Advanced CP: Experimental Talk Show LAB,N,N,
Creating,Art,60-450,Advanced PDP: Drawing,Y,N,
Creating,Art,60-451,Advanced DP3,N,N,
Creating,Art,60-453,Advanced DP3: Painting,Y,N,
Creating,Art,60-455,Advanced PDP: Intaglio,Y,N,
Creating,Art,60-456,Advanced PDP: Lithography,N,N,
Creating,Art,60-457,Advanced PDP: Idea Generation,N,N,
Creating,Art,60-458,Advanced PDP: Serigraphy,N,N,
Creating,Art,60-462,Advanced PDP: Two Dimensional Mixed Media,Y,N,
Creating,Art,60-463,Advanced PDP: Print/Draw,N,N,
Creating,Art,60-465,Advanced PDP: bioGRAPHICAL,Y,N,
Creating,Art,60-467,Advanced PDP: Printstallation: Hybrid Works and Collaborative Projects,Y,N,
Creating,Art,60-471,"Advanced PDP Drawing: The Figure, Anatomy and Expression",N,N,
Creating,Art,60-472,Mutable Landscape: Drawing and the Digital Photographic Image (CL 62-165),N,N,
Creating,Art,60-473,Advanced PDP Special Topic,Y,N,
Creating,Art,60-474,Advanced DP3 Special Topic,Y,N,
Creating,Art,60-475,Advanced CP/PDP Special Topic,N,N,
Creating,Art,60-486,The Art and Science of Color,N,N,
Creating,Art,60-540,The Artist as Entrepreneur,N,N,
Creating,Business Administration,70-350,Acting for Business,N,N,
Creating,Carnegie Mellon University-Wide Studies,99-241,Revolutions of Circularity,N,N,
Creating,Center for Arts and Society,64-300,CAS Fall Fellow,N,N,
Creating,Center for Arts and Society,64-401,"Contemporary Poetry, Politics, and Publics",N,N,
Creating,CFA Interdisciplinary,62-010,Pittsburgh Filmmakers,N,N,
Creating,CFA Interdisciplinary,62-102,Modern Dance (Fall),N,N,
Creating,CFA Interdisciplinary,62-103,Modern Dance (spring),N,N,
Creating,CFA Interdisciplinary,62-141,Black and White Photography I (CL 60-141),N,N,
Creating,CFA Interdisciplinary,62-165,Mutable Landscape: Drawing and the Digital Photographic Image (CL 60-4725),N,N,
Creating,CFA Interdisciplinary,62-232,Art + the Brain (CL 66-232),N,N,
Creating,CFA Interdisciplinary,62-241,Black and White Photography II (CL 60-241),Y,N,
Creating,CFA Interdisciplinary,62-245,Portrait Photography (Cl 60-245),Y,N,
Creating,CFA Interdisciplinary,62-268,Neurophoto (CL 60-268),Y,N,
Creating,CFA Interdisciplinary,62-326,Photographic Narrative (CL 51-321),N,N,
Creating,CFA Interdisciplinary,62-358,Art and Biology (CL 60-358),N,N,
Creating,CFA Interdisciplinary,62-360,Photographers and Photography Since World War II,N,N,
Creating,CFA Interdisciplinary,62-371,"Photography, The First 100 Years",N,N,
Creating,CFA Interdisciplinary,62-375,Large Format Photography: The Antiquarian Avant-Garde (CL 60-376),Y,N,
Creating,CFA Interdisciplinary,62-381,Color Photography and Digital Output (CL 60380),Y,N,
Creating,CFA Interdisciplinary,62-398,Interdisciplinary Independent Study: Topics in Photography,N,N,
Creating,CFA Interdisciplinary,62-483,Growing Theatre Community Outreach (Fall),N,N,
Creating,CFA Interdisciplinary,62-484,Growing Theatre Community Outreach (Spring),N,N,
Creating,Computer Science,15-322,Introduction to Computer Music,Y,N,
Creating,Computer Science,15-365,Experimental Animation,Y,N,
Creating,Computer Science,15-465,Advancted ETB: Animation and Technology,Y,N,
Creating,Design,51-173,Human Experience in Design,N,N,
Creating,Design,51-231,Calligraphy I,N,N,
Creating,Design,51-232,Calligraphy II,Y,N,
Creating,Design,51-261,Communication Design Fundamentals: Design for Interactions for Communications,N,N,
Creating,Design,51-262,Communication Design Fundamentals,N,N,
Creating,Design,51-264,Product Design Fundementals: Design for Interactions for Products,N,N,
Creating,Design,51-321,Photographic Narrative,Y,N,
Creating,Design,51-375,Meaning in Images,N,N,
Creating,Design,51-396,Design Ethos & Action,N,N,
Creating,Design,51-425,Beginning Book Arts Lab (fall),N,N,
Creating,Design,51-426,Beginning Book Arts Lab (spring),N,N,
Creating,Design,51-427,Advanced Book Arts Workshop,N,N,
Creating,Design,51-482,"Interactive Art and Computational Design (CL60-412, 62-726)",N,N,
Creating,Dietrich College Interdisciplinary,66-232,Art + The Brain (CL 62-232),N,N,
Creating,Drama,54-109,Dramaturgy I: Approaches to Text,N,N,
Creating,Drama,54-134,Introduction to Writing for Television,N,N,
Creating,Drama,54-135,The Basics of Self-Producing: How to Put Up Your Show in NYC,N,N,
Creating,Drama,54-162,Introduction to Costume Design,N,N,
Creating,Drama,54-163,Production for Non-Majors,N,N,
Creating,Drama,54-177,Foundations of Drama I,N,N,
Creating,Drama,54-184,Introduction to Production Dramaturgy,N,N,
Creating,Drama,54-187,Introduction to Playwriting (fall) (CL 62-187),N,N,
Creating,Drama,54-188,Introduction to Playwriting (spring),N,N,
Creating,Drama,54-189,Advanced Writing for Television,Y,N,
Creating,Drama,54-190,Advanced Playwriting (spring),Y,N,
Creating,Drama,54-191,Acting for Non-Majors,N,N,
Creating,Drama,54-193,Intro to Screenwriting (fall) (CL 62-193),N,N,
Creating,Drama,54-194,Intro to Screenwriting (spring),N,N,
Creating,Drama,54-195,Writing Satire for the Stage,N,N,
Creating,Drama,54-196,Advanced Screenwriting,Y,N,
Creating,Drama,54-227,How to Write a Shakespeare Play,N,N,
Creating,Drama,54-239,History of Architecture and Décor 1 (fall),N,N,
Creating,Drama,54-240,History of Architecture and Décor 2 (spring),N,N,
Creating,Drama,54-245,History of Clothing 1,N,N,
Creating,Drama,54-246,History of Clothing 2,Y,N,
Creating,Drama,54-281,Foundations of Drama II,Y,Y,
Creating,Drama,54-363,Dramaturgy 5: Devised and Documentary Theatre,Y,N,
Creating,Electrical & Computer Engineering,18-090,Twisted Signals: Multimedia Processing for the Arts,N,N,
Creating,English,76-206,Introduction to Creative Writing,,,
Creating,English,76-245,Shakespeare: Tragedies & Histories,N,N,
Creating,English,76-247,Shakespeare: Comedies & Romances,N,N,
Creating,English,76-260,Survey of Forms: Fiction,N,N,
Creating,English,76-261,Survey of Forms: Non-Fiction,N,N,
Creating,English,76-263,Survey of Forms: Playawriting,Y,N,
Creating,English,76-265,Survey of Forms: Poetry,N,N,
Creating,English,76-266,Survey of Forms: Creative Non-Fiction,N,N,
Creating,English,76-268,Survey of Forms: Drama,N,N,
Creating,English,76-269,Survey of Forms: Screenwriting,N,N,
Creating,English,76-362,Reading in Forms,Y,N,
Creating,English,76-363,Reading in Forms: Poetry,N,N,
Creating,English,76-364,Readings in Forms: Fiction,N,N,
Creating,English,76-375,Magazine Writing,Y,N,
Creating,English,76-489,Advanced Document & Information Design (CL 76-889),Y,N,
Creating,Entertainment Technology Center,53-609,Game Design,N,N,
Creating,History,79-316,"Photography, the First 100 Years, 1839-1939",N,N,
Creating,History,79-317,"Art, Anthropology, and Empire",N,N,
Creating,History,79-328,Photographers and Photography Since World War II (CL 62-360),N,N,
Creating,History,79-357,History of Black American Music (CL 57-480),N,N,
Creating,History,79-395,The Arts in Pittsburgh,N,N,
Creating,History,79-396,Music and Society in 19th and 20th Centure Europe and the U.S.,N,N,
Creating,Modern Languages,82-137,Chinese Calligraphy: Culture and Skills,,,
Creating,Music,57-101,Introduction to Music Technology,N,N,
Creating,Music,57-103,Elective Studio (Beginning Piano Class),N,N,
Creating,Music,57-105,"Elective Studio (Jazz Piano I Class, fall semester)",N,N,
Creating,Music,57-106,"Elective Studio (Jazz Piano I Class, spring semester)",N,N,
Creating,Music,57-107,"Elective Studio (Jazz Piano II Class, fall semester)",N,N,
Creating,Music,57-108,"Elective Studio (Jazz Piano II Class, spring semester)",N,N,
Creating,Music,57-109,Elective Studio (Guitar Class),N,N,
Creating,Music,57-110,Elective Studio (Voice Class),N,N,
Creating,Music,57-117,Chorus,N,N,
Creating,Music,57-118,Instrumental Ensemble,N,N,
Creating,Music,57-120,Elective Studio (Voice),N,N,
Creating,Music,57-121,Elective Studio (Piano),N,N,
Creating,Music,57-122,Elective Studio (Organ),N,N,
Creating,Music,57-123,Elective Studio (Harp),N,N,
Creating,Music,57-125,Elective Studio (Violin),N,N,
Creating,Music,57-126,Elective Studio (Viola),N,N,
Creating,Music,57-127,Elective Studio (Cello),N,N,
Creating,Music,57-128,Elective Studio (Double Bass),N,N,
Creating,Music,57-129,Elective Studio (Guitar),N,N,
Creating,Music,57-130,Elective Studio (Flute),N,N,
Creating,Music,57-131,Elective Studio (Oboe),N,N,
Creating,Music,57-132,Elective Studio (Clarinet),N,N,
Creating,Music,57-133,Elective Studio (Bassoon),N,N,
Creating,Music,57-134,Elective Studio (Saxophone),N,N,
Creating,Music,57-135,Elective Studio (Horn),N,N,
Creating,Music,57-136,Elective Studio (Trumpet),N,N,
Creating,Music,57-137,Elective Studio (Trombone),N,N,
Creating,Music,57-138,Elective Studio (Euphonium),N,N,
Creating,Music,57-139,Elective Studio (Tuba),N,N,
Creating,Music,57-140,Elective Studio (Percussion),N,N,
Creating,Music,57-141,Elective Studio (Composition),N,N,
Creating,Music,57-142,Elective Studio (Bagpipes),N,N,
Creating,Music,57-143,Elective Studio (Alexander Technique I),N,N,
Creating,Music,57-144,Elective Studio (Jazz Improv),N,N,
Creating,Music,57-145,Elective Studio (Alexander Technique II),N,N,
Creating,Music,57-149,Basic Harmony I,N,N,
Creating,Music,57-152,Harmony I,N,N,
Creating,Music,57-161,Eurhythmics I,N,N,
Creating,Music,57-171,Introduction to Music Technology (self-paced),N,N,
Creating,Music,57-173,Survey of Western Music History,N,Y,
Creating,Music,57-180,Basic Solfege I,N,N,
Creating,Music,57-181,Solfege I,N,N,
Creating,Music,57-185,Advanced Solfege I,N,N,
Creating,Music,57-209,The Beatles,N,N,
Creating,Music,57-227,Jazz Orchestra,N,N,
Creating,Music,57-230,Baroque Ensemble,N,N,
Creating,Music,57-299,Bagpipe and Drum Band,N,N,
Creating,Music,57-337,Sound Recording,N,N,
Creating,Music,57-338,Sound Editing and Mastering,Y,N,
Creating,Music,57-347,Electronic and Computer Music,Y,N,
Creating,Music,57-377,Psychology of Music,N,N,
Creating,Music,57-420,Jazz Vocal Ensemble,N,N,
Creating,Music,57-423,Repertoire Orchestra,N,N,
Creating,Music,57-438,MultiTrack Recording,Y,N,
Creating,Music,57-463,Eurhythmics for Non-Majors,N,N,
Creating,Music,57-477,Music of the Spirit,N,N,
Creating,Music,57-478,Survey of Historical Recording,N,N,
Creating,Music,57-480,History of Black American Music,N,N,
Creating,Philosophy,80-284,Invented Languages,N,N,
Creating,Robotics,16-223,Introduction to Physical Computing (CL 60-223),N,N,
Creating,Statistics,36-315,Statistical Graphics and Visualization,Y,N,
Deciding,Carnegie Mellon University-Wide Studies,99-231,Environmental and Early Warnings,N,N,
Deciding,Economics,73-102,Principles of Microeconomics,N,N,
Deciding,Economics,73-103,Principles of Macroeconomics,N,Y,
Deciding,Economics,73-230,Intermediate Microeconomics,Y,Y,
Deciding,Economics,73-328,Health Economics,Y,N,
Deciding,Economics,73-338,Financial Crises and Risk,Y,N,
Deciding,Economics,73-341,Withing the Firm: Managing Through Incentives,Y,N,
Deciding,Economics,73-353,Economic Foundations of Regulation and Financial Markets (CL 70353),Y,N,
Deciding,Economics,73-372,International Money and Finance,Y,N,
Deciding,Economics,73-407,Fundamentals of Statistical Modeling,Y,N,
Deciding,Economics,73-433,Environmental Policy and Economics,Y,N,
Deciding,Economics,73-469,Global Electronic Markets: Economics and the Internet,Y,N,
Deciding,Engineering and Public Policy,19-211,Ethics and Policy Issues in Computing (CL 08200),N,N,
Deciding,English,76-359,Planning and Testing Documents,Y,N,
Deciding,English,76-420,The Cognition of Reading and Writing: Introduction to a Social/Cognitive Process,Y,N,
Deciding,English,76-492,Rhetoric and Public Policy,Y,N,
Deciding,History,79-342,Introduction to Science and Technology Studies,N,N,
Deciding,Institute for Politics and Strategy,84-104,Decision Processes in American Political Institutions,N,N,
Deciding,Institute for Politics and Strategy,84-309,Political Behavior,N,N,
Deciding,Institute for Politics and Strategy,84-310,International Political Economy and Organization,N,N,
Deciding,Institute for Politics and Strategy,84-319,U.S. Foreign Policy and Interventions in World Affairs,N,N,
Deciding,Institute for Politics and Strategy,84-320,Domestic Politics and International Affairs,N,N,
Deciding,Institute for Politics and Strategy,84-321,Autocrats and Democrats,N,N,
Deciding,Institute for Politics and Strategy,84-322,Nonviolent Conflict and Revolution,N,N,
Deciding,Institute for Politics and Strategy,84-333,"Power and Levers for Change in Washington, DC",N,N,
Deciding,Institute for Politics and Strategy,84-334,Presidential Power in a Constitutional System,N,N,
Deciding,Institute for Politics and Strategy,84-336,Implementing Public Policy: From Good Idea to Reality,N,N,
Deciding,Institute for Politics and Strategy,84-346,Legal Issues in Public Administration,N,N,
Deciding,Institute for Politics and Strategy,84-348,"Advocacy, Policy, and Practice",N,N,
Deciding,Institute for Politics and Strategy,84-362,Diplomacy and Statecraft,N,N,
Deciding,Institute for Politics and Strategy,84-366,"Presidential Politics: So, You Want to Be President of the United States",N,N,
Deciding,Institute for Politics and Strategy,84-380,Grand Stragegy in the United States,N,N,
Deciding,Institute for Politics and Strategy,84-386,The Privatization of Force,N,N,
Deciding,Institute for Politics and Strategy,84-388,Concepts of War and Cyber War,N,N,
Deciding,Institute for Politics and Strategy,84-389,Terrorism and Insurgency,N,N,
Deciding,Institute for Politics and Strategy,84-402,Judicial Politics and Behavior,N,N,
Deciding,Institute for Politics and Strategy,84-414,International and Subnational Security,N,N,
Deciding,Institute for Software Research,08-200, Ethics and Policy Issues in Computing (CL 19211),N,N,
Deciding,Philosophy,80-130,Introduction to Ethics,N,N,
Deciding,Philosophy,80-136,"Social Structure, Public Policy & Ethics",N,N,
Deciding,Philosophy,80-208,Critical Thinking,N,N,
Deciding,Philosophy,80-221,Philosophy of Social Science,N,N,
Deciding,Philosophy,80-230,Ethical Theory,N,N,
Deciding,Philosophy,80-242,Conflict and Dispute Resolution,N,N,
Deciding,Philosophy,80-244,Environmental Ethics,N,N,
Deciding,Philosophy,80-245,Medical Ethics,N,N,
Deciding,Philosophy,80-248,Engineering Ethics,N,N,
Deciding,Philosophy,80-270,Philosophy of Mind,N,N,
Deciding,Philosophy,80-271,Philosophy and Psychology,N,N,
Deciding,Philosophy,80-305,"Choices, Decisions and Games (CL 88-356)",N,N,
Deciding,Philosophy,80-321,"Causation, Law, and Social Policy",Y,N,
Deciding,Philosophy,80-324,Philosophy of Economics,N,N,
Deciding,Philosophy,80-335,Deliberative Democracy: Theory and Practice,N,N,
Deciding,Philosophy,80-336,Philosophy and Law,N,N,
Deciding,Philosophy,80-348,"Health, Development, and Human Rights",N,N,
Deciding,Philosophy,80-405,Game Theory,N,N,
Deciding,Philosophy,80-430,Ethics and Medical Research,N,N,
Deciding,Philosophy,80-447,Global Justice,N,N,
Deciding,Psychology,85-102,Introduction to Psychology,N,N,
Deciding,Psychology,85-211,Cognitive Psychology,N,N,
Deciding,Psychology,85-213,Human Info Processing & Artificial Intelligence,Y,N,
Deciding,Psychology,85-219,Biological Foundations of Behavior,N,N,
Deciding,Psychology,85-221,Principles of Child Development,N,N,
Deciding,Psychology,85-241,Social Psychology,N,N,
Deciding,Psychology,85-251,Personality,N,N,
Deciding,Psychology,85-261,Abnormal Psychology,N,N,
Deciding,Psychology,85-395,Applications of Cognitive Science,Y,N,
Deciding,Social and Decision Sciences,88-120,"Reason, Passion, and Cognition",N,N,
Deciding,Social and Decision Sciences,88-356,Rational Choice (CL 80-305),N,N,
Deciding,Social and Decision Sciences,88-363,Behavioral Economics Theory,Y,N,
Deciding,Social and Decision Sciences,88-365,Behavioral Economics and Public Policy,Y,N,
Deciding,Social and Decision Sciences,88-388,Psychological Models of Decision Making,Y,N,
Deciding,Statistics,36-201,Statistical Reasoning and Practice,N,N,
Deciding,Statistics,36-207,Probability and Statistics for Business Applications,Y,N,
Deciding,Statistics,36-220,Engineering Statistics and Quality Control,Y,N,
Deciding,Statistics,36-247,Statistics for Lab Sciences,Y,N,
Deciding,Statistics,36-303,"Sampling, Survey and Society",Y,N,
Freshman Seminar,Dietrich College Interdisciplinary,66-102,Freshman Seminar: Issues in American Environmental History,N,N,
Freshman Seminar,Dietrich College Interdisciplinary,66-103,Humanities Scholars Freshman Seminar: The Social Impact of War,N,N,
Freshman Seminar,Dietrich College Interdisciplinary,66-104,Freshman Seminar: Philosophy and Argument,N,N,
Freshman Seminar,Dietrich College Interdisciplinary,66-105,"Scientific Thinking: in Children, in Adults, and in Scientists",N,N,
Freshman Seminar,Dietrich College Interdisciplinary,66-106,QSSS Freshman Seminar: Applied Quantitative Social Science I,N,N,
Freshman Seminar,Dietrich College Interdisciplinary,66-107,Freshman Seminar: Modeling Complex Systems,N,N,
Freshman Seminar,Dietrich College Interdisciplinary,66-108,Freshman Seminar: Statistical Paradoxes: When You Can't Trust Your Own Eyes,N,N,
Freshman Seminar,Dietrich College Interdisciplinary,66-109,Grand Challenge Interdisciplinary Freshman Seminar: Climate Change (CL 39-109),N,N,
Freshman Seminar,Dietrich College Interdisciplinary,66-161,Grand Challenge Interdisciplinary Freshman Seminar: Artificial Intelligence and Humanity (CL 16-161),N,N,
Modeling,English,76-361,Topics in Digital Humanities: Corpus Rhetorical Analysis,Y,N,
Modeling: Mathematics,Mathematical Sciences,21-110,Problem Solving in Recreational Mathematics,N,N,
Modeling: Mathematics,Mathematical Sciences,21-111,Calculus I,N,N,
Modeling: Mathematics,Mathematical Sciences,21-112,Calculus II,Y,N,
Modeling: Mathematics,Mathematical Sciences,21-120,Differential and Integral Calculus,N,N,
Modeling: Mathematics,Mathematical Sciences,21-121,Integration and Differential Equations,Y,N,
Modeling: Mathematics,Mathematical Sciences,21-122,"Integration, Differential Equations & Approximation",Y,N,
Modeling: Mathematics,Mathematical Sciences,21-123,Calculus of Approximation (5 units),Y,N,
Modeling: Mathematics,Mathematical Sciences,21-124,Calculus II for Biologists and Chemists,Y,N,
Modeling: Mathematics,Mathematical Sciences,21-127,Concepts of Mathematics,N,N,
Modeling: Mathematics,Mathematical Sciences,21-131,Analysis I,Y,N,
Modeling: Mathematics,Mathematical Sciences,21-132,Analysis II,Y,N,
Modeling: Mathematics,Mathematical Sciences,21-241,Matrices and Linear Transformations,Y,N,
Modeling: Mathematics,Mathematical Sciences,21-256,Multivariate Analysis and Approximation,Y,N,
Modeling: Mathematics,Mathematical Sciences,21-257,Models and Methods for Optimization,N,N,
Modeling: Mathematics,Mathematical Sciences,21-259,Calculus in Three Dimensions,Y,N,
Modeling: Mathematics,Philosophy,80-110,Nature of Mathematical Reasoning,N,N,
Modeling: Mathematics,Philosophy,80-210,Logic and Proofs,N,N,
Modeling: Mathematics,Philosophy,80-211,Logic and Mathematical Inquiry,N,N,
Modeling: Mathematics,Philosophy,80-212,Arguments and Logical Analysis,N,N,
Modeling: Natural Sciences,Biological Sciences,03-121,Modern Biology,N,N,
Modeling: Natural Sciences,Biological Sciences,03-125,Evolution,Y,N,
Modeling: Natural Sciences,Biological Sciences,03-132,Basic Science to Modern Medicine,N,N,
Modeling: Natural Sciences,Biological Sciences,03-161,Molecules to Mind,N,N,
Modeling: Natural Sciences,Biological Sciences,03-203,Bench to Bedside: Process of Regenerative Therapeutics,N,N,
Modeling: Natural Sciences,Biological Sciences,03-220,Genetics,Y,N,
Modeling: Natural Sciences,Biological Sciences,03-230,Introduction to Mammalian Physiology,Y,N,
Modeling: Natural Sciences,Biological Sciences,03-231,Biochemistry I,Y,N,
Modeling: Natural Sciences,Biological Sciences,03-232,Biochemistry I,Y,N,
Modeling: Natural Sciences,Biological Sciences,03-250,"Introduction to Computational Biology (CL 02250 , 02251 , 03250 , 03251)",Y,N,
Modeling: Natural Sciences,Biological Sciences,03-260,Neurobiology of Disease,N,N,
Modeling: Natural Sciences,Biological Sciences,03-320,Cell Biology,Y,N,
Modeling: Natural Sciences,Biological Sciences,03-362,Cellular Neuroscience,Y,N,
Modeling: Natural Sciences,Biological Sciences,03-363,Systems Neuroscience,Y,N,
Modeling: Natural Sciences,Chemistry,09-101,Introduction to Experimental Chemistry (3 units),N,N,
Modeling: Natural Sciences,Chemistry,09-103,"Atoms, Molecules and Chemical Change (non-maj)",N,N,
Modeling: Natural Sciences,Chemistry,09-105,Introduction to Modern Chemistry I,N,N,
Modeling: Natural Sciences,Chemistry,09-106,Modern Chemistry II,Y,N,
Modeling: Natural Sciences,Chemistry,09-108,The Illusion and Magic of Food,N,N,
Modeling: Natural Sciences,Chemistry,09-207,Techniques in Quantitative Analysis,Y,N,
Modeling: Natural Sciences,Chemistry,09-208,Techniques for Organic Synthesis Analysis,Y,Y,
Modeling: Natural Sciences,Chemistry,09-217,Organic Chemistry I,Y,N,
Modeling: Natural Sciences,Chemistry,09-218,Organic Chemistry II,Y,N,
Modeling: Natural Sciences,Chemistry,09-221,Laboratory I: Introduction to Chemical Analysis,Y,N,
Modeling: Natural Sciences,Chemistry,09-222,Laboratory II: Organic Synthesis and Analysis,Y,Y,
Modeling: Natural Sciences,Civil and Environmental Engineering,12-201,Geology,N,N,
Modeling: Natural Sciences,Computational Biology,02-223,How to Analyze Your Own Genome,N,N,
Modeling: Natural Sciences,Computational Biology,02-250,"Introduction to Computational Biology (CL 02251 , 02252 , 03250 , 03251)",Y,N,
Modeling: Natural Sciences,Computational Biology,02-261,Quantitative Cell and Molecular Biology Laboratory,N,N,
Modeling: Natural Sciences,Physics,33-100,Basic Experimental Physics,N,N,
Modeling: Natural Sciences,Physics,33-104,Experimental Physics,N,N,
Modeling: Natural Sciences,Physics,33-114,Physics of Musical Sound,N,N,
Modeling: Natural Sciences,Physics,33-115,Physics for Future Presidents,N,N,
Modeling: Natural Sciences,Physics,33-121,Physics I for Science Students,N,Y,
Modeling: Natural Sciences,Physics,33-122,Physics II for Biological Sciences and Chemistry Students,Y,Y,
Modeling: Natural Sciences,Physics,33-124,Introduction to Astronomy,N,N,
Modeling: Natural Sciences,Physics,33-141,Physics I for Engineering Students,N,Y,
Modeling: Natural Sciences,Physics,33-142,Physics II for Engineering and Physics Students,Y,Y,
Modeling: Natural Sciences,Physics,33-151,Matter and Interactions I,Y,Y,
Modeling: Natural Sciences,Physics,33-152,Matter and Interactions II,Y,Y,
Modeling: Natural Sciences,Physics,33-211,Physics III: Modern Essentials,Y,N,
Modeling: Natural Sciences,Physics,33-213,Mini-Courses in Special Relativity (4 units),Y,N,
Modeling: Natural Sciences,Physics,33-224,"Stars, Galaxies, and the Universe",N,Y,
Modeling: Natural Sciences,Physics,33-355,Nanoscience and Nanotechnology,Y,N,
Modeling: Other,Biomedical Engineering,42-101,Introduction to Biomedical Engineering,N,N,
Modeling: Other,Carnegie Mellon University-Wide Studies,99-238,"Materials, Energy and Environment",N,N,
Modeling: Other,Chemical Engineering,06-100,Introduction to Chemical Engineering,Y,N,
Modeling: Other,Chemistry,09-109,Kitchen Chemistry Sessions,N,N,
Modeling: Other,Chemistry,09-209,Kitchen Chemistry Sessions,Y,N,
Modeling: Other,Civil and Environmental Engineering,12-100,Intro to Civil and Environmental Engineering,Y,N,
Modeling: Other,Computer Science,15-104,"Introduction to Computing for Creative Practice (CL 48257 , 48757 , 51257 , 51757 , 60212 , 60257)",N,N,
Modeling: Other,Computer Science,15-110,Principles of Computing,N,N,
Modeling: Other,Computer Science,15-112,Fundamentals of Programming and Computer Science,N,N,
Modeling: Other,Computer Science,15-121,Introduction to Data Structures,Y,N,
Modeling: Other,Computer Science,15-388,Practical Data Science,Y,N,
Modeling: Other,Economics,73-274,Econometrics I,Y,N,
Modeling: Other,Economics,73-310,Evolution of Economics Issues and Analysis,,,
Modeling: Other,Economics,73-315,Market Design,Y,N,
Modeling: Other,Economics,73-347,Game Theory,Y,N,
Modeling: Other,Economics,73-348,Behavioral Economics,Y,N,
Modeling: Other,Economics,73-352,Public Economics,Y,N,
Modeling: Other,Economics,73-365,"Firms, Market Structures, and Strategy",Y,N,
Modeling: Other,Economics,73-408,Law and Economics (CL 90791),Y,N,
Modeling: Other,Economics,73-421,Emerging Markets,N,N,
Modeling: Other,Economics,73-449,"Social, Economic and Information Networks",Y,N,
Modeling: Other,Electrical & Computer Engineering,18-100,Introduction to Electrical & Computer Engineering (co-requisite 21-120),Y,Y,
Modeling: Other,Engineering and Public Policy,19-101,Introduction to Engineering & Public Policy,Y,N,
Modeling: Other,Human-Computer Interaction Institute,05-413,Human Factors,N,N,
Modeling: Other,Materials Science and Engineering,27-100,Engineering the Materials of the Future,Y,N,
Modeling: Other,Mechanical Engineering,24-101,Fundamentals of Mechanical Engineering,Y,N,
Modeling: Other,Philosophy,80-220,Philosophy of Science,N,N,
Modeling: Other,Philosophy,80-222,Measurement and Methodology,N,N,
Modeling: Other,Philosophy,80-223,Causality and Probability,N,N,
Modeling: Other,Philosophy,80-226,Revolutions in Science,N,N,
Modeling: Other,Philosophy,80-312,Philosophy of Mathematics,N,N,
Modeling: Other,Philosophy,80-322,Philosophy of Physics,N,N,
Modeling: Other,Philosophy,80-323,Philosophy of Biology,N,N,
Modeling: Other,Philosophy,80-327,Philosophy of Neuroscience,N,N,
Modeling: Other,Philosophy,80-387,Philosophy of Logic & Language,N,N,
Modeling: Other,Physics,33-120,Science and Science Fiction,,,
Modeling: Other,Psychology,85-370,Perception,Y,N,
Modeling: Other,Psychology,85-392,Human Expertise,Y,N,
Modeling: Other,Psychology,85-406,Autism: Psychological and Neuroscience Perspectives,Y,N,
Modeling: Other,Psychology,85-412,Cognitive Modeling,Y,N,
Modeling: Other,Psychology,85-414,Cognitive Neuropsychology,Y,N,
Modeling: Other,Psychology,85-419,Introduction to Parallel Distributed Processing,Y,N,
Modeling: Other,Psychology,85-423,Cognitive Development,Y,N,
Modeling: Other,Psychology,85-429,Cognitive Brain Imaging,N,N,
Modeling: Other,Social and Decision Sciences,88-360,Behavioral Economics,Y,N,
Modeling: Other,Social and Decision Sciences,88-391,Technology and Economic Growth,N,N,
Modeling: Other,Statistics,36-202,Statistical Methods,Y,N,
Reflecting,Art,60-244,Contemporary Photo Theory (CL 62-244),N,N,
Reflecting,Carnegie Mellon University-Wide Studies,99-242,Meaning Across the Millenia,N,N,
Reflecting,Center for Arts and Society,64-400,CAS Spring Fellow: The Art of Gentrification,N,N,
Reflecting,Center for Arts and Society,64-402,Practices & Issues in Contemporary Asian Art,N,N,
Reflecting,CFA Interdisciplinary,62-100,Critical Histories of the Arts,N,N,
Reflecting,CFA Interdisciplinary,62-244,Contemporary Photo Theory (CL 60-244),N,N,
Reflecting,Chemistry,09-510,Chemistry and Sustainability,Y,N,
Reflecting,Computer Science,15-292,History of Computing,Y,N,
Reflecting,Computer Science,15-296,Images of Computing,N,N,
Reflecting,Economics,73-155,Legonomics: Building Blocks of Economic Analysis,Y,N,
Reflecting,Economics,73-375,History of Money and Monetary Policy,Y,N,
Reflecting,Economics,73-476,American Economic History,Y,N,
Reflecting,Engineering and Public Policy,19-411,Global Competitiveness (CL 19711),N,N,
Reflecting,English,76-202,"Nerds, Experts and Geniuses: Intellectuals in Popular Culture",N,Y,
Reflecting,English,76-204,Literature and the Environment,N,N,
Reflecting,English,76-221,Books You Should Have Read By Now,Y,N,
Reflecting,English,76-226,"Film and Literature: Mystery, Sexuality, and Culture in the American Film",,,
Reflecting,English,76-232,Introduction to African American Literature,N,N,
Reflecting,English,76-233,African American Studies,N,N,
Reflecting,English,76-234,"Media: Past, Present and Future",,,
Reflecting,English,76-239,Introduction to Film Studies,Y,N,
Reflecting,English,76-241,Introduction to Gender Studies,N,N,
Reflecting,English,76-246,Renaissance Literary and Cultural Studies,N,N,
Reflecting,English,76-317,Contemporary American Fiction (CL 76711),Y,N,
Reflecting,English,76-319,Environmental Rhetoric,N,N,
Reflecting,English,76-326,Literature and the Sciences Since,Y,N,
Reflecting,English,76-331,"Dissenters and Believers: Romanticism, Revolution, and Religions",Y,N,
Reflecting,English,76-332,Topics in African American Literature,N,N,
Reflecting,English,76-337,World Literature,Y,N,
Reflecting,English,76-338,The Rise of the Blockbuster Film,N,N,
Reflecting,English,76-339,The Films of Spike Lee: The Biopic,Y,N,
Reflecting,English,76-341,Gender and Sexuality in Performance,Y,N,
Reflecting,English,76-342,American Women Writers,Y,N,
Reflecting,English,76-344,Censored Texts,Y,N,
Reflecting,English,76-346,Angels and Diplomats,Y,N,
Reflecting,English,76-347,American Literary & Cultural Studies: Contemporary Fiction,N,N,
Reflecting,English,76-349,The Lost Generation,N,N,
Reflecting,English,76-350,Theory from Classics to Contemporary,Y,N,
Reflecting,English,76-351,Rhetorical Invention,Y,N,
Reflecting,English,76-352,"Music, Technology and Culture (CL 76-752)",Y,N,
Reflecting,English,76-353,Transnational Feminisms: Fiction and Film: Global Literary Studies,Y,N,
Reflecting,English,76-354,South Asian Literature,N,N,
Reflecting,English,76-367,Genre Studies: The Novel and the Rise of Professionalism,Y,N,
Reflecting,English,76-376,Genre Studies: Major Works of Modern Poetry,Y,N,
Reflecting,English,76-384,"Race, Nation, and the Enemy",Y,N,
Reflecting,English,76-415,Mediated Power and Propaganda,Y,N,
Reflecting,English,76-419,Media in a Digital Age,Y,N,
Reflecting,English,76-425,Science in the Public Sphere,Y,N,
Reflecting,English,76-429,Topics in Language Study: Language and Globalization,,,
Reflecting,History,79-104,Global Histories: Democracy Through the Ages,N,N,
Reflecting,History,79-104,Global Histories: Genocide and Weapons of Mass Destruction,N,N,
Reflecting,History,79-104,Global Histories: The Modern Nation-State through Film,N,N,
Reflecting,History,79-201,Introduction to Anthropology,N,N,
Reflecting,History,79-202,"Flesh and Spirit: Early Modern Europe, 1400-1750",N,N,
Reflecting,History,79-203,Social and Political Change in 20th Century Central and Eastern Europe,N,N,
Reflecting,History,79-204,India and the World: A History of Globalization,,,
Reflecting,History,79-205,20th/21st Century Europe,N,N,
Reflecting,History,79-206,Crime and Punishment in Early Modern Europe,N,N,
Reflecting,History,79-207,Development of European Culture,N,N,
Reflecting,History,79-211,Introduction to South East Asia,,,
Reflecting,History,79-221,Development and Democracy in Latin America,N,N,
Reflecting,History,79-222,Between Revolutions: Development of Modern Latin America,N,N,
Reflecting,History,79-223,Mexico: From the Aztec Empire to the Drug War,N,N,
Reflecting,History,79-224,Mayan America,N,N,
Reflecting,History,79-226,African History: Earliest Times to 1780,N,N,
Reflecting,History,79-227,African History: Height of Trans-Atlantic Slave Trade to the End of Apartheid,N,N,
Reflecting,History,79-229,Origins of the Arab-Israeli Conflict: 1880-1948,N,N,
Reflecting,History,79-230,Arab-Israeli Conflict and Peace Process Since 1948,N,N,
Reflecting,History,79-240,Development of American Culture,N,N,
Reflecting,History,79-241,African-American History: Africa to the Civil War,N,N,
Reflecting,History,79-242,African American History: Reconstruction to the Present,N,N,
Reflecting,History,79-244,Women in American History,N,N,
Reflecting,History,79-245,Capitalism and Individualism in American Culture.,N,N,
Reflecting,History,79-246,Industrial America,N,N,
Reflecting,History,79-247,The Civil War Era: 1848-1877,N,N,
Reflecting,History,79-249,20th/21st Century U.S. History,N,N,
Reflecting,History,79-251,"India/America: Democracy, Diversity, Development",N,N,
Reflecting,History,79-252,Exploring the American Century: United States History After 1945,N,N,
Reflecting,History,79-255,Irish History,N,N,
Reflecting,History,79-256,20th Century Germany,N,N,
Reflecting,History,79-257,Germany and the Second World War,N,N,
Reflecting,History,79-258,French History: From the Revolution to De Gualle,N,N,
Reflecting,History,79-259,France During World War II,N,N,
Reflecting,History,79-261,The Last Emperors: Chinese History and Society 1600-1900,N,N,
Reflecting,History,79-262,Modern China: From Birth of Mao….to Now,N,N,
Reflecting,History,79-263,Mao and the Chinese Cultural Revolution,N,N,
Reflecting,History,79-264,Tibet and China: History and Propoganda,N,N,
Reflecting,History,79-265,Russian History: From the First to the Last Tsar,N,N,
Reflecting,History,79-266,Russian History: From Communism to Capitalism,N,N,
Reflecting,History,79-267,"The Soviet Union in World War II: Military, Political, and Social History",N,N,
Reflecting,History,79-268,World War I: The Twentieth Century's First Catastrophe,N,N,
Reflecting,History,79-281,Introduction to Religion,N,N,
Reflecting,History,79-288,"Bananas, Baseball and Borders: Latin America and the United States",N,N,
Reflecting,History,79-289,Animal Planet: An Environmental History of People and Animals,N,N,
Reflecting,History,79-290,The Slave Passage: From West Africa to the Americas,N,N,
Reflecting,History,79-297,Dilemmas and Controversies in Anthropology,N,N,
Reflecting,History,79-299,"From Newton to the Nuclear Bomb: History of Science, 1750-1950",N,N,
Reflecting,History,79-300,History of American Public Policy,N,N,
Reflecting,History,79-303,Pittsburgh and the Transformation of Modern Urban America,N,N,
Reflecting,History,79-305,Moneyball Nation: Data in American Life,N,N,
Reflecting,History,79-307,Religion and Politics in the Middle East,N,N,
Reflecting,History,79-308,Crime and Justice in American Film,N,N,
Reflecting,History,79-314,The Politics and Culture of Memory,N,N,
Reflecting,History,79-318,Sustainable Social Change: History and Practice,N,N,
Reflecting,History,79-320,"Women, Politics, and Protest",N,N,
Reflecting,History,79-323,"Family Gender and Sexuality in European History, 500-1800",N,N,
Reflecting,History,79-330,Medicine and Society,N,N,
Reflecting,History,79-331,Body Politics: Women and Heatlh in America,N,N,
Reflecting,History,79-341,The Cold War in Documents and Film,N,N,
Reflecting,History,79-343,History of American Urban Life,N,N,
Reflecting,History,79-345,Roots of Rock & Roll,N,N,
Reflecting,History,79-348,Abraham Lincoln,N,N,
Reflecting,History,79-349,The Holocaust in Historical Perspective,N,N,
Reflecting,History,79-350,Early Christianity,N,N,
Reflecting,History,79-352,"Christendom Divided: The Protestant and Catholic Reformation, 1450-1650",N,N,
Reflecting,History,79-353,Religious Identities and Religious Conflicts in 19th Century Europe,N,N,
Reflecting,History,79-359,"Truth, Propaganda, and ""Alternative Facts:"" A Historical Inquiry",N,N,
Reflecting,Modern Languages,82-215,Introduction to Arabic Literature & Culture,N,N,
Reflecting,Modern Languages,82-273,Introduction to Japanese Language and Culture,Y,N,
Reflecting,Modern Languages,82-278,Japanese Film and Literature: The Art of Storytelling,Y,N,
Reflecting,Modern Languages,82-303,Introduction to French Culture,Y,N,
Reflecting,Modern Languages,82-304,Francophone World,Y,N,
Reflecting,Modern Languages,82-305,French in its Social Contexts,Y,N,
Reflecting,Modern Languages,82-311,Arabic Language and Culture,Y,N,
Reflecting,Modern Languages,82-312,Advabced Arabic II,Y,N,
Reflecting,Modern Languages,82-320,"Contemporary Society in Germany,, Austria, and Switzerland",,,
Reflecting,Modern Languages,82-323,"Germany, Austria & Switzerland in the 20th Century",Y,N,
Reflecting,Modern Languages,82-327,The Emergence of the German Speaking World,,,
Reflecting,Modern Languages,82-333,Introduction to Chinese Language and Culture,Y,N,
Reflecting,Modern Languages,82-342,Spain: Language and Culture,Y,N,
Reflecting,Modern Languages,82-343,Latin America: Language and Culture,Y,N,
Reflecting,Modern Languages,82-344,U.S. Latinos: Language and Culture,Y,N,
Reflecting,Modern Languages,82-345,Introduction to Hispanic Literary and Cultural Studies,Y,N,
Reflecting,Modern Languages,82-361,Introduction to Italian Culture,Y,,
Reflecting,Modern Languages,82-362,Italian Language and Culture: Italy as Seen through Film,N,N,
Reflecting,Modern Languages,82-396,Faust Legend at Home and Abroad,N,N,
Reflecting,Modern Languages,82-397,"Topics in Russian Language & Culture: Radicals, Heretics, and Hackers",Y,N,
Reflecting,Modern Languages,82-399,Russian in Context,Y,N,
Reflecting,Modern Languages,82-415,Topics in French and Francophone Studies,Y,N,
Reflecting,Modern Languages,82-416,Topics in French and Francophone Studies: Haiti,Y,N,
Reflecting,Modern Languages,82-425,Topics in German Literature and Culture,Y,N,
Reflecting,Modern Languages,82-426,Topics in German Literature and Culture: Inventing and Innovating,Y,N,
Reflecting,Modern Languages,82-427,Nazi and Resistance Culture,Y,N,
Reflecting,Modern Languages,82-428,History of German Film,Y,N,
Reflecting,Modern Languages,82-432,Popular Culture in China,N,N,
Reflecting,Modern Languages,82-433,Topics of Contemporary Culture of China,Y,N,
Reflecting,Modern Languages,82-434,Studies in Chinese Traditions,Y,N,
Reflecting,Modern Languages,82-441,Studies in Peninsular Literature and Culture,Y,N,
Reflecting,Modern Languages,82-451,Studies in Latin American Literature and Culture: Latin American Comincs in the Digital Humanities,Y,N,
Reflecting,Modern Languages,82-452,The Latin American Fin de Siglo,Y,N,
Reflecting,Modern Languages,82-455,Topics in Hispanic Studies,Y,N,
Reflecting,Modern Languages,82-456,Topics in Hispanic Studies: Southern Cone Dictatorships in the Movies (1984-2016),Y,N,
Reflecting,Modern Languages,82-473,Topics in Japanese Studies,Y,N,
Reflecting,Modern Languages,82-474,Topics in Japanese Studies: Japanese Language & Culture from a Pragmatics Perspective,Y,N,
Reflecting,Modern Languages,82-492,Historical Imagination in 19th Russian Literature.,Y,N,
Reflecting,Philosophy,80-100,Introduction to Philosophy,N,N,
Reflecting,Philosophy,80-135,Introduction to Political Philosophy,N,N,
Reflecting,Philosophy,80-150,Nature of Reason,N,N,
Reflecting,Philosophy,80-201,Epistemology,N,N,
Reflecting,Philosophy,80-214,"Computing, AI, and Philosophy",N,N,
Reflecting,Philosophy,80-250,Ancient Philosophy,N,N,
Reflecting,Philosophy,80-251,Modern Philosophy,N,N,
Reflecting,Philosophy,80-252,Kant,N,N,
Reflecting,Philosophy,80-253,Continental Philosophy,N,N,
Reflecting,Philosophy,80-254,Analytic Philosophy,N,N,
Reflecting,Philosophy,80-255,Pragmatism,N,N,
Reflecting,Philosophy,80-256,Modern Moral Philosophy,N,N,
Reflecting,Philosophy,80-257,Nietzsche,N,N,
Reflecting,Philosophy,80-261,Empiricism and Rationalism,N,N,
Reflecting,Philosophy,80-276,Philosophy of Religion,N,N,
Reflecting,Philosophy,80-358,Hume,N,N,
Reflecting,Philosophy,80-363,19th Century Foundations of Science,N,N,
Reflecting,Psychology,85-363,"Attention, Its Development and Disorders",Y,N,
Reflecting,Psychology,85-375,Cross Cultural Psychology,Y,N,
Reflecting,Psychology,85-421,Language and Thought,Y,N,
Reflecting,Social and Decision Sciences,88-281,Topics In Law: 1st Amendment,N,N,
Reflecting,Social and Decision Sciences,88-284,Topics of Law: The Bill of Rights,N,N,
